file,Ea,Ee,Nevery,rep,kf,kb,Keq_kin,Keq_eq,Keq_eq_block_se,fit_sse,mass_error,diagnostic_error
bench/associating/dimer_kinetics/results/Ea2_Ee4_N100_r1.dat,2.0,4.0,100,1,0.27909603614376405,0.10425715626924945,2.6769964396782915,2.6429079992461455,0.12160711570609316,0.0005581169263596401,6.938893903907228e-18,0.0
bench/associating/dimer_kinetics/results/Ea2_Ee4_N100_r2.dat,2.0,4.0,100,2,0.4551655335422897,0.18408879870453188,2.472532477507468,2.3980124135928067,0.11713665722064437,0.0005920153229930603,6.938893903907228e-18,0.0
bench/associating/dimer_kinetics/results/Ea2_Ee4_N100_r3.dat,2.0,4.0,100,3,0.3660540183927094,0.1366988462112518,2.6778135188282164,2.6923243372460126,0.11694770115296912,0.0005560384887733212,6.938893903907228e-18,0.0
bench/associating/dimer_kinetics/results/Ea2_Ee4_N100_r4.dat,2.0,4.0,100,4,0.5169283127123571,0.19531073963742124,2.6466968159149524,2.6341600455324574,0.1479338010705683,0.0006738243111814635,6.938893903907228e-18,0.0
bench/associating/dimer_kinetics/results/Ea3_Ee4_N100_r1.dat,3.0,4.0,100,1,0.3754444422719132,0.1507150212280429,2.4910884078624003,2.527826394826984,0.1447955311303625,0.0006004095973588438,6.938893903907228e-18,0.0
bench/associating/dimer_kinetics/results/Ea3_Ee4_N100_r2.dat,3.0,4.0,100,2,0.3149521763932608,0.11679455040271589,2.6966341777701386,2.4609150618938,0.10183427454117244,0.00046104396256234527,6.938893903907228e-18,0.0
bench/associating/dimer_kinetics/results/Ea3_Ee4_N100_r3.dat,3.0,4.0,100,3,0.22805586163829233,0.08448543321557063,2.6993512722647877,2.730920952015788,0.25808954948326723,0.0007975834176357966,6.938893903907228e-18,0.0
bench/associating/dimer_kinetics/results/Ea3_Ee4_N100_r4.dat,3.0,4.0,100,4,0.19200419905615243,0.07323552166799042,2.621735937467529,2.8035832460241745,0.16451443632633,0.0004686756029983309,6.938893903907228e-18,0.0
bench/associating/dimer_kinetics/results/Ea4_Ee2_N100_r1.dat,4.0,2.0,100,1,0.036816705284312,0.10848475423011339,0.33937215920882235,0.35166613989570983,0.029382253664723607,0.00011199700444476825,6.938893903907228e-18,0.0
bench/associating/dimer_kinetics/results/Ea4_Ee2_N100_r2.dat,4.0,2.0,100,2,0.03245742891800647,0.0828918016476355,0.39156380091700327,0.3555950022355989,0.028620387750799958,0.00014485504856866463,6.938893903907228e-18,0.0
bench/associating/dimer_kinetics/results/Ea4_Ee2_N100_r3.dat,4.0,2.0,100,3,0.042018418681363745,0.13156433896212413,0.3193754402814304,0.29112574329368446,0.02819439864284499,0.00010407627375349176,6.938893903907228e-18,0.0
bench/associating/dimer_kinetics/results/Ea4_Ee2_N100_r4.dat,4.0,2.0,100,4,0.019455290700277336,0.05682652486524903,0.34236284457673705,0.35883069440514437,0.03566903113468982,0.0001240451504487221,6.938893903907228e-18,0.0
bench/associating/dimer_kinetics/results/Ea4_Ee4_N100_r1.dat,4.0,4.0,100,1,0.08082595390634675,0.027906289143096737,2.8963347112147626,2.908821682441249,0.17472565073479832,0.00046364410430330783,6.938893903907228e-18,0.0
bench/associating/dimer_kinetics/results/Ea4_Ee4_N100_r2.dat,4.0,4.0,100,2,0.13424317068839076,0.04996210412015581,2.6868998624546343,2.346168417851257,0.16684055360932784,0.001033596947595615,6.938893903907228e-18,0.0
bench/associating/dimer_kinetics/results/Ea4_Ee4_N100_r3.dat,4.0,4.0,100,3,0.1108271692162104,0.05064755206385142,2.1882038657365013,2.3564974826200467,0.15218907866892983,0.0004485496119124363,6.938893903907228e-18,0.0
bench/associating/dimer_kinetics/results/Ea4_Ee4_N100_r4.dat,4.0,4.0,100,4,0.11666630653668103,0.048696870928970994,2.395765976562435,2.4959963239435865,0.12107513907656396,0.0004416507858354962,6.938893903907228e-18,0.0
bench/associating/dimer_kinetics/results/Ea4_Ee4_N200_r1.dat,4.0,4.0,200,1,0.10941738939333691,0.04448334716499821,2.459738224902108,2.3174937333461916,0.08221264541400186,0.0003671287828334755,6.938893903907228e-18,0.0
bench/associating/dimer_kinetics/results/Ea4_Ee4_N200_r2.dat,4.0,4.0,200,2,0.0629703724118947,0.024737941662212316,2.54549765181487,2.6731492762317077,0.1668259593167261,0.000695542779798771,6.938893903907228e-18,0.0
bench/associating/dimer_kinetics/results/Ea4_Ee4_N200_r3.dat,4.0,4.0,200,3,0.10151158008902811,0.04250982643543313,2.3879556469893126,2.536779629846214,0.13181797926028346,0.00034548033289967474,6.938893903907228e-18,0.0
bench/associating/dimer_kinetics/results/Ea4_Ee4_N200_r4.dat,4.0,4.0,200,4,0.05690722277750933,0.021504177580781852,2.646333372375373,2.7000306999821246,0.2722178903712377,0.0006416751691674188,6.938893903907228e-18,0.0
bench/associating/dimer_kinetics/results/Ea4_Ee4_N50_r1.dat,4.0,4.0,50,1,0.09110553726092084,0.03522091797228548,2.5866883234732745,2.598260134369233,0.14604948376930377,0.00048251160782459163,6.938893903907228e-18,0.0
bench/associating/dimer_kinetics/results/Ea4_Ee4_N50_r2.dat,4.0,4.0,50,2,0.08744838521119941,0.03244554482870812,2.6952355299586235,2.687459704302095,0.12080048588728982,0.00046270971675820596,6.938893903907228e-18,0.0
bench/associating/dimer_kinetics/results/Ea4_Ee4_N50_r3.dat,4.0,4.0,50,3,0.10190733018573851,0.0376512762437503,2.706610249437534,2.617007960948113,0.08244386022472261,0.000247287757330299,6.938893903907228e-18,0.0
bench/associating/dimer_kinetics/results/Ea4_Ee4_N50_r4.dat,4.0,4.0,50,4,0.07066026927724181,0.026789755613416653,2.6375854373921293,2.570212596917706,0.15774296081247133,0.0005046570076717666,6.938893903907228e-18,0.0
bench/associating/dimer_kinetics/results/Ea4_Ee6_N100_r1.dat,4.0,6.0,100,1,0.13653416263973828,0.008085089107738969,16.887156198321808,15.214148489594933,0.5467534193515625,0.0008577711410240035,6.938893903907228e-18,0.0
bench/associating/dimer_kinetics/results/Ea4_Ee6_N100_r2.dat,4.0,6.0,100,2,0.13095147204754412,0.006262275447367064,20.911164503727136,20.17186436109237,0.5383604157649332,0.0003073430591780344,6.938893903907228e-18,0.0
bench/associating/dimer_kinetics/results/Ea4_Ee6_N100_r3.dat,4.0,6.0,100,3,0.15784920312366535,0.008206147552268476,19.235481950361727,17.81954508594848,0.647153434019471,0.0004911611445508091,6.938893903907228e-18,0.0
bench/associating/dimer_kinetics/results/Ea4_Ee6_N100_r4.dat,4.0,6.0,100,4,0.1398039719277124,0.00722854131560484,19.340550994141267,17.595569989184767,0.5991795677367963,0.0006276346279439286,6.938893903907228e-18,0.0
bench/associating/dimer_kinetics/results/Ea4_Ee8_N100_r1.dat,4.0,8.0,100,1,0.19775477241209977,0.001649316351786319,119.90105609388897,114.16858202729686,9.01949760867729,0.0003799390838058156,6.938893903907228e-18,0.0
bench/associating/dimer_kinetics/results/Ea4_Ee8_N100_r2.dat,4.0,8.0,100,2,0.21704204584195372,0.0017943088446093279,120.9613643125133,134.91066677287228,9.411638344327692,0.00047042307145342806,6.938893903907228e-18,0.0
bench/associating/dimer_kinetics/results/Ea4_Ee8_N100_r3.dat,4.0,8.0,100,3,0.2804150715746413,0.002107963252079797,133.0265465007386,137.79837091481107,5.7204028568814085,0.0002941073130932059,6.938893903907228e-18,0.0
bench/associating/dimer_kinetics/results/Ea4_Ee8_N100_r4.dat,4.0,8.0,100,4,0.27100905988704255,0.0022943957346166473,118.11783634278912,114.37072582884353,4.875463328486877,0.0001982283670880648,6.938893903907228e-18,0.0
bench/associating/dimer_kinetics/results/Ea5_Ee4_N100_r1.dat,5.0,4.0,100,1,0.03777788146158209,0.014049302969887628,2.6889505865559857,2.7314989496230675,0.07475942293746417,0.00015890598263442328,6.938893903907228e-18,0.0
bench/associating/dimer_kinetics/results/Ea5_Ee4_N100_r2.dat,5.0,4.0,100,2,0.02502419837390556,0.009094055894038026,2.7517093215043005,2.7313068441776185,0.1307179965058064,0.00027427733257599904,6.938893903907228e-18,0.0
bench/associating/dimer_kinetics/results/Ea5_Ee4_N100_r3.dat,5.0,4.0,100,3,0.03458028919997778,0.013649920160098427,2.533369338017317,2.5256256552737226,0.13446297682573663,0.00042423118395486237,6.938893903907228e-18,0.0
bench/associating/dimer_kinetics/results/Ea5_Ee4_N100_r4.dat,5.0,4.0,100,4,0.037498765534598126,0.013345118529052664,2.8099237524913963,2.628432960272217,0.08751375542051781,0.00022826172567110166,6.938893903907228e-18,0.0
bench/associating/dimer_kinetics/results/Ea6_Ee4_N100_r1.dat,6.0,4.0,100,1,0.010054535574750573,0.003449187098868767,2.9150449907597555,2.4043860198660107,0.19206497675191417,0.00038797804472794496,6.938893903907228e-18,0.0
bench/associating/dimer_kinetics/results/Ea6_Ee4_N100_r2.dat,6.0,4.0,100,2,0.008522633350262626,0.0019135032013271984,4.453942561659349,2.6278528948005366,0.15417900582171806,6.192325014899144e-05,6.938893903907228e-18,0.0
bench/associating/dimer_kinetics/results/Ea6_Ee4_N100_r3.dat,6.0,4.0,100,3,0.013804921740518334,0.004326117818719282,3.19106467253016,2.779946608967278,0.14661527061697066,0.00015695393523543728,6.938893903907228e-18,0.0
bench/associating/dimer_kinetics/results/Ea6_Ee4_N100_r4.dat,6.0,4.0,100,4,0.013148449763491882,0.007935971602621357,1.65681663467001,1.6454292640435715,0.06393465015834479,0.00011300373487773412,6.938893903907228e-18,0.0
