Ea,Ee,Nevery,replicas,kf,kf_se,kb,kb_se,Keq_kin,Keq_kin_se,Keq_eq,Keq_eq_se
2.0,4.0,100,4,0.40431097519778003,0.051970525716965504,0.1550888852056136,0.021175557367226518,2.618509812982232,0.04919476990832143,2.5918511989043553,0.06586929076045234
3.0,4.0,100,4,0.27761416983990467,0.041583231743597064,0.10630763162857995,0.01744506739557987,2.627202448841214,0.048804996842576207,2.6308114136901866,0.0813135444723
4.0,2.0,100,4,0.03268696089598989,0.004824077409292174,0.09494185492628052,0.01613122910224381,0.34816856124599826,0.015338605096910363,0.3393043949575344,0.016126209178613963
4.0,4.0,50,4,0.08778038048377515,0.006479684946427319,0.033026873664540136,0.0023352108120034826,2.6565298850653902,0.02775323654626909,2.618235099134287,0.02499785284991749
4.0,4.0,100,4,0.11064065008690724,0.01111432413644242,0.04430320406401874,0.005480549157645785,2.5418011039920834,0.15628632743116805,2.5268709767140347,0.13182062561759272
4.0,4.0,200,4,0.08270164116794226,0.013298558794977688,0.033308823210856375,0.005932524160035691,2.509881224020416,0.0557284228905883,2.5568633348515597,0.087426386145086
4.0,6.0,100,4,0.14128470243466504,0.005816059121709289,0.007445513355744837,0.0004504396313126342,19.093588411637985,0.8293094645537751,17.700281981455138,1.013030416131918
4.0,8.0,100,4,0.24155523742893434,0.020201055386407783,0.001961496045773023,0.00014653855207364232,123.0017008124825,3.392720564381539,125.31208638595594,6.402675918524294
5.0,4.0,100,4,0.03372028364251589,0.0029875091914487767,0.012534599388269186,0.0011558744228762575,2.69598824964225,0.05956829118662686,2.6542161023366564,0.04925773581618496
6.0,4.0,100,4,0.011382635107255854,0.0012559535670857533,0.004406194930384151,0.0012778599214237475,3.054217214904819,0.5737345177736588,2.364403696919349,0.25176116540860227
