file,rho,Ea,Ee,Nevery,rep,q,kf,kb,kf_over_q,kb_over_q,Keq_kin,Keq_eq,Keq_eq_block_se,fit_sse,fit_r2,mass_error,diagnostic_error,creations,breaks
bench/associating/dimer_kinetics/results/Ea2_Ee4_N100_r1.dat,0.05,2.0,4.0,100,1,0.7416274729950026,0.27909603614376405,0.10425715626924945,0.3763291494807457,0.14057887560208004,2.6769964396782915,2.6429079992461455,0.12160711570609316,0.0005581169263596401,0.20205394926603104,6.938893903907228e-18,0.0,1839.0,1819.0
bench/associating/dimer_kinetics/results/Ea2_Ee4_N100_r2.dat,0.05,2.0,4.0,100,2,0.7416274729950026,0.4551655335422897,0.18408879870453188,0.613738770631218,0.24822273366047798,2.472532477507468,2.3980124135928067,0.11713665722064437,0.0005920153229930603,0.10904176392828802,6.938893903907228e-18,0.0,1878.0,1859.0
bench/associating/dimer_kinetics/results/Ea2_Ee4_N100_r3.dat,0.05,2.0,4.0,100,3,0.7416274729950026,0.3660540183927094,0.1366988462112518,0.4935820633969098,0.1843227916830057,2.6778135188282164,2.6923243372460126,0.11694770115296912,0.0005560384887733212,0.1569764717641432,6.938893903907228e-18,0.0,1869.0,1844.0
bench/associating/dimer_kinetics/results/Ea2_Ee4_N100_r4.dat,0.05,2.0,4.0,100,4,0.7416274729950026,0.5169283127123571,0.19531073963742124,0.6970188289071653,0.26335424016679776,2.6466968159149524,2.6341600455324574,0.1479338010705683,0.0006738243111814635,0.10505901011181917,6.938893903907228e-18,0.0,1868.0,1845.0
bench/associating/dimer_kinetics/results/Ea3_Ee4_N100_r1.dat,0.05,3.0,4.0,100,1,0.3921764686764122,0.3754444422719132,0.1507150212280429,0.9573354656872473,0.38430409080050904,2.4910884078624003,2.527826394826984,0.1447955311303625,0.0006004095973588438,0.15540168346133432,6.938893903907228e-18,0.0,994.0,975.0
bench/associating/dimer_kinetics/results/Ea3_Ee4_N100_r2.dat,0.05,3.0,4.0,100,2,0.3921764686764122,0.3149521763932608,0.11679455040271589,0.8030878993230219,0.2978112144180786,2.6966341777701386,2.4609150618938,0.10183427454117244,0.00046104396256234527,0.2061419964590534,6.938893903907228e-18,0.0,983.0,961.0
bench/associating/dimer_kinetics/results/Ea3_Ee4_N100_r3.dat,0.05,3.0,4.0,100,3,0.3921764686764122,0.22805586163829233,0.08448543321557063,0.5815133743438925,0.21542708439572442,2.6993512722647877,2.730920952015788,0.25808954948326723,0.0007975834176357966,0.15313255551837768,6.938893903907228e-18,0.0,1003.0,984.0
bench/associating/dimer_kinetics/results/Ea3_Ee4_N100_r4.dat,0.05,3.0,4.0,100,4,0.3921764686764122,0.19200419905615243,0.07323552166799042,0.489586230668461,0.18674124410156187,2.621735937467529,2.8035832460241745,0.16451443632633,0.0004686756029983309,0.30765275714403373,6.938893903907228e-18,0.0,981.0,953.0
bench/associating/dimer_kinetics/results/Ea4_Ee2_N100_r1.dat,0.05,4.0,2.0,100,1,0.16736206976502233,0.036816705284312,0.10848475423011339,0.21998237316258665,0.6482039471812631,0.33937215920882235,0.35166613989570983,0.029382253664723607,0.00011199700444476825,0.0634832163330632,6.938893903907228e-18,0.0,251.0,246.0
bench/associating/dimer_kinetics/results/Ea4_Ee2_N100_r2.dat,0.05,4.0,2.0,100,2,0.16736206976502233,0.03245742891800647,0.0828918016476355,0.19393539386538994,0.495284276562881,0.39156380091700327,0.3555950022355989,0.028620387750799958,0.00014485504856866463,0.0319444837653543,6.938893903907228e-18,0.0,285.0,281.0
bench/associating/dimer_kinetics/results/Ea4_Ee2_N100_r3.dat,0.05,4.0,2.0,100,3,0.16736206976502233,0.042018418681363745,0.13156433896212413,0.25106297227536645,0.78610607019166,0.3193754402814304,0.29112574329368446,0.02819439864284499,0.00010407627375349176,0.061036732426405726,6.938893903907228e-18,0.0,248.0,247.0
bench/associating/dimer_kinetics/results/Ea4_Ee2_N100_r4.dat,0.05,4.0,2.0,100,4,0.16736206976502233,0.019455290700277336,0.05682652486524903,0.11624671425008497,0.33954243601930784,0.34236284457673705,0.35883069440514437,0.03566903113468982,0.0001240451504487221,0.055134790869756145,6.938893903907228e-18,0.0,262.0,255.0
bench/associating/dimer_kinetics/results/Ea4_Ee4_N100_r1.dat,0.05,4.0,4.0,100,1,0.16736206976502233,0.08082595390634675,0.027906289143096737,0.482940692713869,0.16674201736556787,2.8963347112147626,2.908821682441249,0.17472565073479832,0.00046364410430330783,0.5390632664696475,6.938893903907228e-18,0.0,445.0,424.0
bench/associating/dimer_kinetics/results/Ea4_Ee4_N100_r2.dat,0.05,4.0,4.0,100,2,0.16736206976502233,0.13424317068839076,0.04996210412015581,0.8021122759587596,0.2985270449290153,2.6868998624546343,2.346168417851257,0.16684055360932784,0.001033596947595615,0.19872615720316222,6.938893903907228e-18,0.0,460.0,435.0
bench/associating/dimer_kinetics/results/Ea4_Ee4_N100_r3.dat,0.05,4.0,4.0,100,3,0.16736206976502233,0.1108271692162104,0.05064755206385142,0.6622000395418903,0.3026226440373317,2.1882038657365013,2.3564974826200467,0.15218907866892983,0.0004485496119124363,0.3482819265103748,6.938893903907228e-18,0.0,422.0,401.0
bench/associating/dimer_kinetics/results/Ea4_Ee4_N100_r4.dat,0.05,4.0,4.0,100,4,0.16736206976502233,0.11666630653668103,0.048696870928970994,0.6970892909037362,0.29096718866671395,2.395765976562435,2.4959963239435865,0.12107513907656396,0.0004416507858354962,0.3731742640006037,6.938893903907228e-18,0.0,428.0,403.0
bench/associating/dimer_kinetics/results/Ea4_Ee4_N200_r1.dat,0.05,4.0,4.0,200,1,0.30671407713401244,0.10941738939333691,0.04448334716499821,0.35674068310053214,0.1450319710808778,2.459738224902108,2.3174937333461916,0.08221264541400186,0.0003671287828334755,0.47622903309093667,6.938893903907228e-18,0.0,393.0,371.0
bench/associating/dimer_kinetics/results/Ea4_Ee4_N200_r2.dat,0.05,4.0,4.0,200,2,0.30671407713401244,0.0629703724118947,0.024737941662212316,0.2053064306676119,0.08065473190330151,2.54549765181487,2.6731492762317077,0.1668259593167261,0.000695542779798771,0.4854221870055847,6.938893903907228e-18,0.0,363.0,339.0
bench/associating/dimer_kinetics/results/Ea4_Ee4_N200_r3.dat,0.05,4.0,4.0,200,3,0.30671407713401244,0.10151158008902811,0.04250982643543313,0.33096485507795814,0.13859757215140578,2.3879556469893126,2.536779629846214,0.13181797926028346,0.00034548033289967474,0.40377487132842915,6.938893903907228e-18,0.0,394.0,369.0
bench/associating/dimer_kinetics/results/Ea4_Ee4_N200_r4.dat,0.05,4.0,4.0,200,4,0.30671407713401244,0.05690722277750933,0.021504177580781852,0.18553834668842042,0.0701114790091165,2.646333372375373,2.7000306999821246,0.2722178903712377,0.0006416751691674188,0.44263272089253713,6.938893903907228e-18,0.0,373.0,355.0
bench/associating/dimer_kinetics/results/Ea4_Ee4_N50_r1.dat,0.05,4.0,4.0,50,1,0.08751003828262435,0.09110553726092084,0.03522091797228548,1.0410867032955051,0.40247860318075995,2.5866883234732745,2.598260134369233,0.14604948376930377,0.00048251160782459163,0.4030719701240263,6.938893903907228e-18,0.0,441.0,416.0
bench/associating/dimer_kinetics/results/Ea4_Ee4_N50_r2.dat,0.05,4.0,4.0,50,2,0.08751003828262435,0.08744838521119941,0.03244554482870812,0.9992954742948937,0.3707636914055651,2.6952355299586235,2.687459704302095,0.12080048588728982,0.00046270971675820596,0.45647000238485536,6.938893903907228e-18,0.0,466.0,441.0
bench/associating/dimer_kinetics/results/Ea4_Ee4_N50_r3.dat,0.05,4.0,4.0,50,3,0.08751003828262435,0.10190733018573851,0.0376512762437503,1.164521604442868,0.4302509401510134,2.706610249437534,2.617007960948113,0.08244386022472261,0.000247287757330299,0.6296175109394024,6.938893903907228e-18,0.0,425.0,401.0
bench/associating/dimer_kinetics/results/Ea4_Ee4_N50_r4.dat,0.05,4.0,4.0,50,4,0.08751003828262435,0.07066026927724181,0.026789755613416653,0.8074533009462965,0.30613351495625984,2.6375854373921293,2.570212596917706,0.15774296081247133,0.0005046570076717666,0.5270859487449472,6.938893903907228e-18,0.0,432.0,409.0
bench/associating/dimer_kinetics/results/Ea4_Ee6_N100_r1.dat,0.05,4.0,6.0,100,1,0.16736206976502233,0.13653416263973828,0.008085089107738969,0.8158011121123999,0.048308969404420594,16.887156198321808,15.214148489594933,0.5467534193515625,0.0008577711410240035,0.8488317765551094,6.938893903907228e-18,0.0,334.0,273.0
bench/associating/dimer_kinetics/results/Ea4_Ee6_N100_r2.dat,0.05,4.0,6.0,100,2,0.16736206976502233,0.13095147204754412,0.006262275447367064,0.7824441477773371,0.03741753108191927,20.911164503727136,20.17186436109237,0.5383604157649332,0.0003073430591780344,0.9485860405055728,6.938893903907228e-18,0.0,322.0,262.0
bench/associating/dimer_kinetics/results/Ea4_Ee6_N100_r3.dat,0.05,4.0,6.0,100,3,0.16736206976502233,0.15784920312366535,0.008206147552268476,0.9431599605889607,0.049032302025124166,19.235481950361727,17.81954508594848,0.647153434019471,0.0004911611445508091,0.9068306914885537,6.938893903907228e-18,0.0,320.0,260.0
bench/associating/dimer_kinetics/results/Ea4_Ee6_N100_r4.dat,0.05,4.0,6.0,100,4,0.16736206976502233,0.1398039719277124,0.00722854131560484,0.8353384498889043,0.04319103680872117,19.340550994141267,17.595569989184767,0.5991795677367963,0.0006276346279439286,0.8973078246408546,6.938893903907228e-18,0.0,320.0,262.0
bench/associating/dimer_kinetics/results/Ea4_Ee8_N100_r1.dat,0.05,4.0,8.0,100,1,0.16736206976502233,0.19775477241209977,0.001649316351786319,1.1815985108797293,0.009854779844094736,119.90105609388897,114.16858202729686,9.01949760867729,0.0003799390838058156,0.9706542891013458,6.938893903907228e-18,0.0,176.0,80.0
bench/associating/dimer_kinetics/results/Ea4_Ee8_N100_r2.dat,0.05,4.0,8.0,100,2,0.16736206976502233,0.21704204584195372,0.0017943088446093279,1.2968413102603384,0.010721120066981437,120.9613643125133,134.91066677287228,9.411638344327692,0.00047042307145342806,0.9608050211305968,6.938893903907228e-18,0.0,179.0,78.0
bench/associating/dimer_kinetics/results/Ea4_Ee8_N100_r3.dat,0.05,4.0,8.0,100,3,0.16736206976502233,0.2804150715746413,0.002107963252079797,1.67549954400269,0.012595226953391495,133.0265465007386,137.79837091481107,5.7204028568814085,0.0002941073130932059,0.9701108292197127,6.938893903907228e-18,0.0,181.0,83.0
bench/associating/dimer_kinetics/results/Ea4_Ee8_N100_r4.dat,0.05,4.0,8.0,100,4,0.16736206976502233,0.27100905988704255,0.0022943957346166473,1.6192979703677268,0.013709173995266652,118.11783634278912,114.37072582884353,4.875463328486877,0.0001982283670880648,0.9817023605112111,6.938893903907228e-18,0.0,175.0,82.0
bench/associating/dimer_kinetics/results/Ea5_Ee4_N100_r1.dat,0.05,5.0,4.0,100,1,0.06515960985336484,0.03777788146158209,0.014049302969887628,0.5797745190095125,0.215613675427219,2.6889505865559857,2.7314989496230675,0.07475942293746417,0.00015890598263442328,0.825313159013519,6.938893903907228e-18,0.0,163.0,139.0
bench/associating/dimer_kinetics/results/Ea5_Ee4_N100_r2.dat,0.05,5.0,4.0,100,2,0.06515960985336484,0.02502419837390556,0.009094055894038026,0.384044631792916,0.1395658432348396,2.7517093215043005,2.7313068441776185,0.1307179965058064,0.00027427733257599904,0.8183693307075353,6.938893903907228e-18,0.0,175.0,154.0
bench/associating/dimer_kinetics/results/Ea5_Ee4_N100_r3.dat,0.05,5.0,4.0,100,3,0.06515960985336484,0.03458028919997778,0.013649920160098427,0.530701292991122,0.20948437522594443,2.533369338017317,2.5256256552737226,0.13446297682573663,0.00042423118395486237,0.6477537033316092,6.938893903907228e-18,0.0,174.0,149.0
bench/associating/dimer_kinetics/results/Ea5_Ee4_N100_r4.dat,0.05,5.0,4.0,100,4,0.06515960985336484,0.037498765534598126,0.013345118529052664,0.5754909462930384,0.2048066057958989,2.8099237524913963,2.628432960272217,0.08751375542051781,0.00022826172567110166,0.8182371490372015,6.938893903907228e-18,0.0,180.0,159.0
bench/associating/dimer_kinetics/results/Ea6_Ee4_N100_r1.dat,0.05,6.0,4.0,100,1,0.024482833826886534,0.010054535574750573,0.003449187098868767,0.41067695209812244,0.14088185719256657,2.9150449907597555,2.4043860198660107,0.19206497675191417,0.00038797804472794496,0.7018202833973988,6.938893903907228e-18,0.0,74.0,48.0
bench/associating/dimer_kinetics/results/Ea6_Ee4_N100_r2.dat,0.05,6.0,4.0,100,2,0.024482833826886534,0.008522633350262626,0.0019135032013271984,0.34810649006256983,0.07815693292930123,4.453942561659349,2.6278528948005366,0.15417900582171806,6.192325014899144e-05,0.968251705451869,6.938893903907228e-18,0.0,70.0,45.0
bench/associating/dimer_kinetics/results/Ea6_Ee4_N100_r3.dat,0.05,6.0,4.0,100,3,0.024482833826886534,0.013804921740518334,0.004326117818719282,0.5638612685986562,0.17670004417415233,3.19106467253016,2.779946608967278,0.14661527061697066,0.00015695393523543728,0.9096187804747549,6.938893903907228e-18,0.0,77.0,52.0
bench/associating/dimer_kinetics/results/Ea6_Ee4_N100_r4.dat,0.05,6.0,4.0,100,4,0.024482833826886534,0.013148449763491882,0.007935971602621357,0.5370477068325534,0.3241443232729963,1.65681663467001,1.6454292640435715,0.06393465015834479,0.00011300373487773412,0.8475001430898129,6.938893903907228e-18,0.0,63.0,47.0
bench/associating/dimer_kinetics/results/rho0.025_Ea2_Ee4_N100_r1.dat,0.025,2.0,4.0,100,1,0.7416274729950026,0.38937718141376093,0.14930958178418122,0.5250306866886857,0.2013269292481932,2.607851262865261,2.952845218414874,0.2924033161431201,8.084013320423554e-05,0.120630469896984,3.469446951953614e-18,0.0,1095.0,1071.0
bench/associating/dimer_kinetics/results/rho0.025_Ea2_Ee4_N100_r2.dat,0.025,2.0,4.0,100,2,0.7416274729950026,0.3345136762336047,0.1459666013373501,0.45105351192384796,0.19681930167429715,2.291713811027872,2.3800047492551664,0.11256720113928054,8.056101560500798e-05,0.08379331919850341,3.469446951953614e-18,0.0,1030.0,1021.0
bench/associating/dimer_kinetics/results/rho0.025_Ea2_Ee4_N100_r3.dat,0.025,2.0,4.0,100,3,0.7416274729950026,0.6508117089916748,0.25058122288249274,0.8775453077047218,0.33788017840080914,2.5972086076731524,2.6020029653994285,0.13925516523302128,9.169639318578796e-05,0.06889634832311431,3.469446951953614e-18,0.0,1117.0,1107.0
bench/associating/dimer_kinetics/results/rho0.025_Ea2_Ee4_N100_r4.dat,0.025,2.0,4.0,100,4,0.7416274729950026,0.29427632150347954,0.12103272251503831,0.39679803165202115,0.16319881196722316,2.4313781875551523,2.5624376531805297,0.2561332274726833,0.00013042278367671913,0.07313938223842253,3.469446951953614e-18,0.0,1071.0,1050.0
bench/associating/dimer_kinetics/results/rho0.025_Ea3_Ee4_N100_r1.dat,0.025,3.0,4.0,100,1,0.3921764686764122,0.4929253871396543,0.1901556922697292,1.2568968984887534,0.48487277401293577,2.59221999223908,2.702322996268598,0.19731056784261297,0.00011446550180732033,0.07443138287834805,3.469446951953614e-18,0.0,574.0,565.0
bench/associating/dimer_kinetics/results/rho0.025_Ea3_Ee4_N100_r2.dat,0.025,3.0,4.0,100,2,0.3921764686764122,0.4443164426572007,0.18540810271303632,1.132950286784824,0.4727670258717587,2.396424083713792,2.83686006936237,0.1888435402573228,0.00011225653545615641,0.05431520763020692,3.469446951953614e-18,0.0,568.0,551.0
bench/associating/dimer_kinetics/results/rho0.025_Ea3_Ee4_N100_r3.dat,0.025,3.0,4.0,100,3,0.3921764686764122,0.17245056671974038,0.0759741551347696,0.4397269609310258,0.19372441031758195,2.269858301337244,2.118438434637064,0.1356189271933774,9.616602633745979e-05,0.1651948732762688,3.469446951953614e-18,0.0,560.0,550.0
bench/associating/dimer_kinetics/results/rho0.025_Ea3_Ee4_N100_r4.dat,0.025,3.0,4.0,100,4,0.3921764686764122,0.3021525912668494,0.12238656491301694,0.7704505889570794,0.3120701385426545,2.4688379111023866,2.5836764018937863,0.16716528856257465,0.0001203624825597455,0.07731792492072731,3.469446951953614e-18,0.0,576.0,560.0
bench/associating/dimer_kinetics/results/rho0.025_Ea4_Ee2_N100_r1.dat,0.025,4.0,2.0,100,1,0.16736206976502233,0.02879169052146961,0.07235469560564202,0.17203235214462495,0.43232433553928074,0.39792428508571476,0.3765788254310824,0.04004235921917836,2.2470410453035736e-05,0.042004098994480654,3.469446951953614e-18,0.0,128.0,126.0
bench/associating/dimer_kinetics/results/rho0.025_Ea4_Ee2_N100_r2.dat,0.025,4.0,2.0,100,2,0.16736206976502233,0.34043020035699817,1.0293218079421853,2.03409411006308,6.15026934948499,0.33073252478501786,0.2889407475143729,0.045965405731947705,1.4911444437926357e-05,0.005399046940546937,3.469446951953614e-18,0.0,124.0,124.0
bench/associating/dimer_kinetics/results/rho0.025_Ea4_Ee2_N100_r3.dat,0.025,4.0,2.0,100,3,0.16736206976502233,0.004314581247688748,0.009629010083574628,0.025779922856752752,0.0575340045512931,0.4480814964612668,0.4465869033820669,0.04303698070448509,1.2277354038052457e-05,0.14347349808626253,3.469446951953614e-18,0.0,115.0,112.0
bench/associating/dimer_kinetics/results/rho0.025_Ea4_Ee2_N100_r4.dat,0.025,4.0,2.0,100,4,0.16736206976502233,0.004566293996616188,0.01252415078950584,0.027283924027871435,0.07483267150728865,0.36459909125673806,0.3634581842172468,0.030731425350465646,1.3094114681480872e-05,0.1325198396662386,3.469446951953614e-18,0.0,119.0,117.0
bench/associating/dimer_kinetics/results/rho0.025_Ea4_Ee4_N100_r1.dat,0.025,4.0,4.0,100,1,0.16736206976502233,0.0781875368438162,0.02961105392521567,0.4671759673717714,0.1769281054350596,2.6404847676574796,2.7494984905092426,0.2591108815251116,0.0001152481161630352,0.2531213772760228,3.469446951953614e-18,0.0,232.0,220.0
bench/associating/dimer_kinetics/results/rho0.025_Ea4_Ee4_N100_r2.dat,0.025,4.0,4.0,100,2,0.16736206976502233,0.09204453084761655,0.03692416145785329,0.5499724697289403,0.22062443126865666,2.492799489913396,2.483304048964123,0.21452938707346386,0.00010816034464485757,0.22013874778808717,3.469446951953614e-18,0.0,232.0,220.0
bench/associating/dimer_kinetics/results/rho0.025_Ea4_Ee4_N100_r3.dat,0.025,4.0,4.0,100,3,0.16736206976502233,0.03010720633809748,0.011708042876011139,0.17989265058903872,0.06995636999739142,2.571497786345213,2.5590847533806635,0.1132322836289891,6.917739148239838e-05,0.30232712796584293,3.469446951953614e-18,0.0,233.0,220.0
bench/associating/dimer_kinetics/results/rho0.025_Ea4_Ee4_N100_r4.dat,0.025,4.0,4.0,100,4,0.16736206976502233,0.0935867966578088,0.03689825332384648,0.5591876151460448,0.22046962836712,2.536347610723509,2.6321612321055112,0.24857369860847384,0.00010648167476130271,0.22613389321406474,3.469446951953614e-18,0.0,241.0,226.0
bench/associating/dimer_kinetics/results/rho0.025_Ea4_Ee6_N100_r1.dat,0.025,4.0,6.0,100,1,0.16736206976502233,0.17855571202796983,0.010943444821289977,1.0668827905789136,0.06538784347405993,16.316225369967395,16.196650174455595,1.0077085786150772,0.0001117953615061519,0.865133809060426,3.469446951953614e-18,0.0,226.0,185.0
bench/associating/dimer_kinetics/results/rho0.025_Ea4_Ee6_N100_r2.dat,0.025,4.0,6.0,100,2,0.16736206976502233,0.22164725753503572,0.014016114053789077,1.3243577702297196,0.08374725571611186,15.813745285207366,15.578328937856371,0.705587310712348,0.00011426989845590028,0.8328373753848626,3.469446951953614e-18,0.0,231.0,191.0
bench/associating/dimer_kinetics/results/rho0.025_Ea4_Ee6_N100_r3.dat,0.025,4.0,6.0,100,3,0.16736206976502233,0.15311179868600427,0.0075919939790325824,0.914853639782147,0.04536269173589812,20.167534261600494,20.337129285960668,0.6378151467992632,6.355577588624941e-05,0.9358991379496495,3.469446951953614e-18,0.0,223.0,175.0
bench/associating/dimer_kinetics/results/rho0.025_Ea4_Ee6_N100_r4.dat,0.025,4.0,6.0,100,4,0.16736206976502233,0.10742721049194304,0.006162930519608845,0.6418850498369894,0.03682393823320689,17.431189618337825,17.329961437317092,0.998645463329196,0.00016093445368583123,0.8714258336783385,3.469446951953614e-18,0.0,236.0,189.0
bench/associating/dimer_kinetics/results/rho0.025_Ea4_Ee8_N100_r1.dat,0.025,4.0,8.0,100,1,0.16736206976502233,0.22157286450987843,0.001260067527979502,1.323913266733427,0.007528991065589992,175.84205575487445,145.41856334114541,8.749372704488243,0.00014166943518345451,0.968109130743048,3.469446951953614e-18,0.0,147.0,61.0
bench/associating/dimer_kinetics/results/rho0.025_Ea4_Ee8_N100_r2.dat,0.025,4.0,8.0,100,2,0.16736206976502233,0.22691732028570755,0.0016737562337854504,1.355846761481268,0.01000080983782895,135.5736968772926,129.8555972005873,6.231938383323258,8.726908676016129e-05,0.9736562271539355,3.469446951953614e-18,0.0,150.0,61.0
bench/associating/dimer_kinetics/results/rho0.025_Ea4_Ee8_N100_r3.dat,0.025,4.0,8.0,100,3,0.16736206976502233,0.19222405620336452,0.0017499644771239312,1.148552097098516,0.010456159388927822,109.84454754149353,103.50291841320107,5.088367362964048,0.00017093170889554785,0.9418107796605394,3.469446951953614e-18,0.0,162.0,81.0
bench/associating/dimer_kinetics/results/rho0.025_Ea4_Ee8_N100_r4.dat,0.025,4.0,8.0,100,4,0.16736206976502233,0.20049537269532852,0.0018455971550588952,1.1979737880681425,0.011027571286911833,108.6344179420511,98.74339069484823,4.9815881617729465,5.058567078879503e-05,0.9846566489796015,3.469446951953614e-18,0.0,139.0,57.0
bench/associating/dimer_kinetics/results/rho0.025_Ea5_Ee4_N100_r1.dat,0.025,5.0,4.0,100,1,0.06515960985336484,0.026558977544726643,0.011335191057276806,0.40759878097021995,0.1739603886945535,2.3430551289805286,2.2665347593242138,0.17292491337079158,6.101634342745949e-05,0.5916043564636552,3.469446951953614e-18,0.0,86.0,73.0
bench/associating/dimer_kinetics/results/rho0.025_Ea5_Ee4_N100_r2.dat,0.025,5.0,4.0,100,2,0.06515960985336484,0.030439797619036087,0.01206348664226753,0.4671574567057383,0.18513749037809152,2.5233001471052674,2.59630766917376,0.10351772445350761,3.180222824973725e-05,0.6977154485794075,3.469446951953614e-18,0.0,95.0,83.0
bench/associating/dimer_kinetics/results/rho0.025_Ea5_Ee4_N100_r3.dat,0.025,5.0,4.0,100,3,0.06515960985336484,0.05522627026447427,0.021488761107151127,0.8475537282797647,0.3297865219805555,2.570007176732763,2.28439120791255,0.2470257113162694,7.345804712737973e-05,0.44222635295165613,3.469446951953614e-18,0.0,93.0,87.0
bench/associating/dimer_kinetics/results/rho0.025_Ea5_Ee4_N100_r4.dat,0.025,5.0,4.0,100,4,0.06515960985336484,0.10122697415125673,0.047821344422103486,1.5535233310797572,0.7339108464541242,2.1167739086914636,2.311985624367243,0.08753473093738222,3.2794189682967444e-05,0.42912679929959774,3.469446951953614e-18,0.0,97.0,85.0
bench/associating/dimer_kinetics/results/rho0.025_Ea6_Ee4_N100_r1.dat,0.025,6.0,4.0,100,1,0.024482833826886534,0.0038746538461402556,1.47401663105643e-11,0.15826002306502576,6.020612815815855e-10,262863645.1247694,1.57906483909412,0.18016966658981384,2.730926965673318e-05,0.7059369840793963,3.469446951953614e-18,0.0,33.0,21.0
bench/associating/dimer_kinetics/results/rho0.025_Ea6_Ee4_N100_r2.dat,0.025,6.0,4.0,100,2,0.024482833826886534,0.016930152797662516,0.006510742605170832,0.6915111590991635,0.2659309233239524,2.6003412858337525,2.4244538632510166,0.10575339784789926,1.711978690870843e-05,0.8687310672202857,3.469446951953614e-18,0.0,34.0,22.0
bench/associating/dimer_kinetics/results/rho0.025_Ea6_Ee4_N100_r3.dat,0.025,6.0,4.0,100,3,0.024482833826886534,0.01358281082855747,0.0025023899263842534,0.5547891606257244,0.10220997879894857,5.427935385027508,3.627599209839687,0.13564946303068415,1.8950726216620205e-05,0.9415285077783698,3.469446951953614e-18,0.0,46.0,28.0
bench/associating/dimer_kinetics/results/rho0.025_Ea6_Ee4_N100_r4.dat,0.025,6.0,4.0,100,4,0.024482833826886534,0.022765330793861772,0.008552596262096453,0.9298486831561698,0.3493303235471121,2.6618035151213166,2.520888293354655,0.1350017913307775,3.6672728502167266e-05,0.7904818151963667,3.469446951953614e-18,0.0,42.0,30.0
bench/associating/dimer_kinetics/results/rho0.10_Ea2_Ee4_N100_r1.dat,0.1,2.0,4.0,100,1,0.7416274729950026,0.30300673556250257,0.10401880345308967,0.40856999854500314,0.14025748403442787,2.912999626064266,2.770539705464066,0.09233678646637945,0.003280658567615658,0.2319461688884792,1.3877787807814457e-17,0.0,2937.0,2902.0
bench/associating/dimer_kinetics/results/rho0.10_Ea2_Ee4_N100_r2.dat,0.1,2.0,4.0,100,2,0.7416274729950026,0.32323876650074024,0.11416911523197035,0.43585058303647595,0.15394402093939102,2.8312277435449977,2.7265532140739803,0.10450108077590023,0.0031260543334119353,0.21421782680894874,1.3877787807814457e-17,0.0,2910.0,2881.0
bench/associating/dimer_kinetics/results/rho0.10_Ea2_Ee4_N100_r3.dat,0.1,2.0,4.0,100,3,0.7416274729950026,0.36435438642417917,0.13561228336841818,0.4912903036786965,0.18285768570675912,2.68673587210634,2.6300013857745688,0.08423748649977861,0.002832188727581455,0.2092585561067205,1.3877787807814457e-17,0.0,3052.0,3014.0
bench/associating/dimer_kinetics/results/rho0.10_Ea2_Ee4_N100_r4.dat,0.1,2.0,4.0,100,4,0.7416274729950026,0.37744337679183987,0.13348332884256936,0.5089393132478834,0.1799870335217056,2.8276443213144447,2.658925229097695,0.0866070527713614,0.002944055481487592,0.2178209903538042,1.3877787807814457e-17,0.0,2920.0,2887.0
bench/associating/dimer_kinetics/results/rho0.10_Ea3_Ee4_N100_r1.dat,0.1,3.0,4.0,100,1,0.3921764686764122,0.17068349636864627,0.06230610896448042,0.4352211568039757,0.1588726350022027,2.739434370166653,2.712535558616467,0.07241652434805797,0.002436556830619583,0.43177125591112064,1.3877787807814457e-17,0.0,1565.0,1530.0
bench/associating/dimer_kinetics/results/rho0.10_Ea3_Ee4_N100_r2.dat,0.1,3.0,4.0,100,2,0.3921764686764122,0.12797655407557484,0.04472427904132018,0.326323898288679,0.1140412100508318,2.861455943366666,2.933173795269614,0.19166493609582935,0.0036779003819444782,0.28297986137055176,1.3877787807814457e-17,0.0,1596.0,1556.0
bench/associating/dimer_kinetics/results/rho0.10_Ea3_Ee4_N100_r3.dat,0.1,3.0,4.0,100,3,0.3921764686764122,0.20009194932016267,0.0703085792303564,0.5102089628056191,0.17927791401571455,2.845910861953118,2.858993414036052,0.12667764633794867,0.0024446165831891993,0.39595371950811886,1.3877787807814457e-17,0.0,1555.0,1513.0
bench/associating/dimer_kinetics/results/rho0.10_Ea3_Ee4_N100_r4.dat,0.1,3.0,4.0,100,4,0.3921764686764122,0.11137983748106939,0.03750162657250365,0.2840043867419535,0.09562436700771695,2.970000174945306,3.056364752146887,0.0872174313450452,0.0031611502425241906,0.41986262703463917,1.3877787807814457e-17,0.0,1612.0,1574.0
bench/associating/dimer_kinetics/results/rho0.10_Ea4_Ee2_N100_r1.dat,0.1,4.0,2.0,100,1,0.16736206976502233,0.05802430464850948,0.1608348335189189,0.3466992534806487,0.9609993097284962,0.36076951353752684,0.3655765915633736,0.030323175149265892,0.0010771198548311291,0.07313383920413685,1.3877787807814457e-17,0.0,507.0,497.0
bench/associating/dimer_kinetics/results/rho0.10_Ea4_Ee2_N100_r2.dat,0.1,4.0,2.0,100,2,0.16736206976502233,0.025081539815611828,0.06931049539536753,0.14986394378861656,0.41413502768387134,0.3618721763931901,0.3704957045952811,0.02433705110499722,0.0010570879223678613,0.10869962980772829,1.3877787807814457e-17,0.0,517.0,511.0
bench/associating/dimer_kinetics/results/rho0.10_Ea4_Ee2_N100_r3.dat,0.1,4.0,2.0,100,3,0.16736206976502233,0.11853970346114491,0.3026278443494766,0.7082829677451743,1.8082224053178149,0.3917012451909564,0.3654019229775325,0.021760132525666352,0.0010666651802804373,0.0433570343684766,1.3877787807814457e-17,0.0,545.0,534.0
bench/associating/dimer_kinetics/results/rho0.10_Ea4_Ee2_N100_r4.dat,0.1,4.0,2.0,100,4,0.16736206976502233,0.04122205961858826,0.10997309530419071,0.24630467152123753,0.6570968885518313,0.3748376773843286,0.4138038898557892,0.033736290764581955,0.0009840720246741628,0.08889551399844542,1.3877787807814457e-17,0.0,501.0,487.0
bench/associating/dimer_kinetics/results/rho0.10_Ea4_Ee4_N100_r1.dat,0.1,4.0,4.0,100,1,0.16736206976502233,0.100780029453274,0.03315825336515826,0.602167681092675,0.1981228686506609,3.039364840585082,3.0960182330082073,0.12722977411124942,0.002264128133767665,0.6401883892869429,1.3877787807814457e-17,0.0,709.0,668.0
bench/associating/dimer_kinetics/results/rho0.10_Ea4_Ee4_N100_r2.dat,0.1,4.0,4.0,100,2,0.16736206976502233,0.09819941656989356,0.03430071390986609,0.5867483397389045,0.20494914981647014,2.8628971638298166,2.6443422624663087,0.0657531920309786,0.0021284439977507577,0.5696078858275668,1.3877787807814457e-17,0.0,721.0,684.0
bench/associating/dimer_kinetics/results/rho0.10_Ea4_Ee4_N100_r3.dat,0.1,4.0,4.0,100,3,0.16736206976502233,0.1081046919628558,0.04057801714694882,0.6459330487166873,0.24245647298650572,2.6641196284029,2.350734839862946,0.12927123987903485,0.003791670085475533,0.42946262509305766,1.3877787807814457e-17,0.0,677.0,648.0
bench/associating/dimer_kinetics/results/rho0.10_Ea4_Ee4_N100_r4.dat,0.1,4.0,4.0,100,4,0.16736206976502233,0.09225826079582654,0.032431190692817746,0.5512495210256294,0.19377861864609702,2.8447386242978174,2.796522922103544,0.1357012028947607,0.0019448362894159644,0.5800113942419203,1.3877787807814457e-17,0.0,718.0,685.0
bench/associating/dimer_kinetics/results/rho0.10_Ea4_Ee6_N100_r1.dat,0.1,4.0,6.0,100,1,0.16736206976502233,0.2138858917974269,0.010054382155883612,1.2779830704634831,0.0600756322504857,21.27290254948837,20.784210007373062,0.64630783341099,0.0012759847987384623,0.9261160994291177,1.3877787807814457e-17,0.0,397.0,317.0
bench/associating/dimer_kinetics/results/rho0.10_Ea4_Ee6_N100_r2.dat,0.1,4.0,6.0,100,2,0.16736206976502233,0.1931236853743191,0.009524673574919719,1.153927443927207,0.05691058665976369,20.276147403397694,20.955340521905224,1.4791722315053033,0.0021804142517139204,0.8860025861766686,1.3877787807814457e-17,0.0,416.0,336.0
bench/associating/dimer_kinetics/results/rho0.10_Ea4_Ee6_N100_r3.dat,0.1,4.0,6.0,100,3,0.16736206976502233,0.16274808608442975,0.008154720432748555,0.972431126795512,0.048725021411349934,19.957531030843125,20.082825922058674,0.6602227380011656,0.0013945577625139977,0.9375863145805952,1.3877787807814457e-17,0.0,389.0,315.0
bench/associating/dimer_kinetics/results/rho0.10_Ea4_Ee6_N100_r4.dat,0.1,4.0,6.0,100,4,0.16736206976502233,0.20710928731539666,0.009158810741584728,1.237492387649004,0.05472453079986266,22.613120104669946,21.28780883789542,1.485500017599412,0.004052978994641732,0.8194638741599611,1.3877787807814457e-17,0.0,388.0,311.0
bench/associating/dimer_kinetics/results/rho0.10_Ea4_Ee8_N100_r1.dat,0.1,4.0,8.0,100,1,0.16736206976502233,0.23213551534939847,0.001418700572631003,1.3870258396978394,0.008476834533791736,163.62544699541456,145.59153764077536,4.12727268477496,0.0007000913204765164,0.9831111447237946,1.3877787807814457e-17,0.0,183.0,79.0
bench/associating/dimer_kinetics/results/rho0.10_Ea4_Ee8_N100_r2.dat,0.1,4.0,8.0,100,2,0.16736206976502233,0.22470182968553226,0.001420520141320891,1.3426090511488977,0.00848770658319004,158.18278329836988,158.0179888822067,8.312559469862702,0.000670393726578519,0.9825644851938964,1.3877787807814457e-17,0.0,204.0,97.0
bench/associating/dimer_kinetics/results/rho0.10_Ea4_Ee8_N100_r3.dat,0.1,4.0,8.0,100,3,0.16736206976502233,0.2559644593499535,0.001700840581481827,1.5294054364249297,0.010162640697918116,150.49291634783845,151.859621581762,8.908990932637003,0.000766710750465852,0.9775102916304438,1.3877787807814457e-17,0.0,203.0,95.0
bench/associating/dimer_kinetics/results/rho0.10_Ea4_Ee8_N100_r4.dat,0.1,4.0,8.0,100,4,0.16736206976502233,0.2362196552928943,0.0016671799975606601,1.411428859744317,0.009961516369278858,141.68815343185491,121.04801389074866,7.394503820857932,0.0016150009896657722,0.9601178112105286,1.3877787807814457e-17,0.0,184.0,81.0
bench/associating/dimer_kinetics/results/rho0.10_Ea5_Ee4_N100_r1.dat,0.1,5.0,4.0,100,1,0.06515960985336484,0.0361785035495255,0.01107768143890646,0.5552289774438735,0.17000840649346535,3.2658913102936173,3.206555084356588,0.099224145767162,0.0013145127915837513,0.8838513632760369,1.3877787807814457e-17,0.0,290.0,252.0
bench/associating/dimer_kinetics/results/rho0.10_Ea5_Ee4_N100_r2.dat,0.1,5.0,4.0,100,2,0.06515960985336484,0.04671997974402176,0.01662043706474577,0.7170082793491303,0.2550726915361893,2.8109958578117813,2.8945356254693553,0.16646650095835083,0.0014328658890933993,0.8123886096821455,1.3877787807814457e-17,0.0,286.0,243.0
bench/associating/dimer_kinetics/results/rho0.10_Ea5_Ee4_N100_r3.dat,0.1,5.0,4.0,100,3,0.06515960985336484,0.05171272523909585,0.02052851155081196,0.7936315971730055,0.31504963883315623,2.5190684239866608,2.4000100074328916,0.2248419245655663,0.003382855757332625,0.5691840663493315,1.3877787807814457e-17,0.0,283.0,254.0
bench/associating/dimer_kinetics/results/rho0.10_Ea5_Ee4_N100_r4.dat,0.1,5.0,4.0,100,4,0.06515960985336484,0.050560298613128954,0.020367825020120838,0.775945385905622,0.31258359382379025,2.4823612026901136,2.3696433073457577,0.12721580996910264,0.001629613244050547,0.759703517830833,1.3877787807814457e-17,0.0,280.0,253.0
bench/associating/dimer_kinetics/results/rho0.10_Ea6_Ee4_N100_r1.dat,0.1,6.0,4.0,100,1,0.024482833826886534,0.008801896354030034,0.002307245131739708,0.3595129720793994,0.09423930040345002,3.8148943226475605,2.7549496811152405,0.07444033531930665,0.0015109809427278703,0.9275289886765373,1.3877787807814457e-17,0.0,104.0,65.0
bench/associating/dimer_kinetics/results/rho0.10_Ea6_Ee4_N100_r2.dat,0.1,6.0,4.0,100,2,0.024482833826886534,0.016286041309868167,0.005437024604593849,0.665202460835362,0.22207497069326276,2.9953959185889594,2.953552947633607,0.09249157381421422,0.0013696226459170477,0.8876808834497644,1.3877787807814457e-17,0.0,126.0,89.0
bench/associating/dimer_kinetics/results/rho0.10_Ea6_Ee4_N100_r3.dat,0.1,6.0,4.0,100,3,0.024482833826886534,0.014873931804345795,0.006108815049018904,0.6075249258119604,0.2495142144170554,2.4348309262914416,2.41852625988905,0.07989969017031494,0.0005287663225557129,0.9465850652879575,1.3877787807814457e-17,0.0,102.0,64.0
bench/associating/dimer_kinetics/results/rho0.10_Ea6_Ee4_N100_r4.dat,0.1,6.0,4.0,100,4,0.024482833826886534,0.017224601006544445,0.008192135351049543,0.7035378799830251,0.33460731747699535,2.1025776880429228,1.926310967776913,0.06381179433644868,0.0024023873418340777,0.7767870096472123,1.3877787807814457e-17,0.0,92.0,62.0
bench/associating/dimer_kinetics/results/rho0.20_Ea2_Ee4_N100_r1.dat,0.2,2.0,4.0,100,1,0.7416274729950026,0.5424889706278706,0.16160728401344857,0.7314844586825684,0.21790897707822313,3.3568348972607325,3.1671443102390686,0.09708178475539997,0.012630793925122947,0.2960350364519767,2.7755575615628914e-17,0.0,4406.0,4354.0
bench/associating/dimer_kinetics/results/rho0.20_Ea2_Ee4_N100_r2.dat,0.2,2.0,4.0,100,2,0.7416274729950026,0.566765263350202,0.17197231869683055,0.7642182685889,0.23188504331202056,3.2956772790239035,3.2639088770659823,0.05890426204134084,0.010338345696963366,0.31834475669377804,2.7755575615628914e-17,0.0,4502.0,4450.0
bench/associating/dimer_kinetics/results/rho0.20_Ea2_Ee4_N100_r3.dat,0.2,2.0,4.0,100,3,0.7416274729950026,0.4847578287264844,0.14580632569775112,0.6536406031033735,0.1966031882677216,3.324669395560807,3.4867415430642574,0.10111336170725971,0.014044377895766458,0.27246144891377566,2.7755575615628914e-17,0.0,4392.0,4337.0
bench/associating/dimer_kinetics/results/rho0.20_Ea2_Ee4_N100_r4.dat,0.2,2.0,4.0,100,4,0.7416274729950026,0.460341187020888,0.13757562088667125,0.6207175486121588,0.18550502226014257,3.346095653096102,3.3597037132740146,0.09150872703071754,0.015332260954620393,0.24214409567325057,2.7755575615628914e-17,0.0,4489.0,4436.0
bench/associating/dimer_kinetics/results/rho0.20_Ea3_Ee4_N100_r1.dat,0.2,3.0,4.0,100,1,0.3921764686764122,0.27107109603742835,0.07653031368068243,0.6911967384282078,0.19514254370990367,3.5420094731148524,3.552124712090501,0.15491149788727987,0.016321826720398478,0.37946814296579934,2.7755575615628914e-17,0.0,2337.0,2282.0
bench/associating/dimer_kinetics/results/rho0.20_Ea3_Ee4_N100_r2.dat,0.2,3.0,4.0,100,2,0.3921764686764122,0.313441985202025,0.09716056294558172,0.7992371043063483,0.2477470493665688,3.2260206785502006,3.2015099967713474,0.09604764373488457,0.009856597137540566,0.4010530740552921,2.7755575615628914e-17,0.0,2386.0,2330.0
bench/associating/dimer_kinetics/results/rho0.20_Ea3_Ee4_N100_r3.dat,0.2,3.0,4.0,100,3,0.3921764686764122,0.22219243999477997,0.06854691919693794,0.5665623966289335,0.1747859055090236,3.241465008170718,3.4452875949911275,0.17346802824102417,0.012946582327666396,0.4155430776602963,2.7755575615628914e-17,0.0,2353.0,2290.0
bench/associating/dimer_kinetics/results/rho0.20_Ea3_Ee4_N100_r4.dat,0.2,3.0,4.0,100,4,0.3921764686764122,0.3591656567112303,0.10792998134290553,0.9158266377465412,0.27520769338141854,3.327765392362305,3.3218381194247137,0.1573249551358153,0.013144975537143626,0.3515812930468821,2.7755575615628914e-17,0.0,2334.0,2280.0
bench/associating/dimer_kinetics/results/rho0.20_Ea4_Ee2_N100_r1.dat,0.2,4.0,2.0,100,1,0.16736206976502233,0.04209478486538372,0.09468418896150825,0.2515192655330155,0.565744610439185,0.4445809308510465,0.4601380510378488,0.03238734435711439,0.008088995118839563,0.17322842410651407,2.7755575615628914e-17,0.0,1066.0,1045.0
bench/associating/dimer_kinetics/results/rho0.20_Ea4_Ee2_N100_r2.dat,0.2,4.0,2.0,100,2,0.16736206976502233,0.05027641913810912,0.11902907938155549,0.3004050990089786,0.7112070228856112,0.42238770054622343,0.4433743640908424,0.024941961866357127,0.006676170980782673,0.11387313064165705,2.7755575615628914e-17,0.0,1067.0,1047.0
bench/associating/dimer_kinetics/results/rho0.20_Ea4_Ee2_N100_r3.dat,0.2,4.0,2.0,100,3,0.16736206976502233,0.015832493217436645,0.03628409701656336,0.09460024747343046,0.21680000174177175,0.4363480014456266,0.48353012088671404,0.013856173344292696,0.006362970770530045,0.33063957788141973,2.7755575615628914e-17,0.0,1045.0,1026.0
bench/associating/dimer_kinetics/results/rho0.20_Ea4_Ee2_N100_r4.dat,0.2,4.0,2.0,100,4,0.16736206976502233,0.015284619721792257,0.03363881787472016,0.09132666525486918,0.20099427499880543,0.45437446044377117,0.46101763963465486,0.03029857185846436,0.008154680190396939,0.22512018052210736,2.7755575615628914e-17,0.0,1015.0,996.0
bench/associating/dimer_kinetics/results/rho0.20_Ea4_Ee4_N100_r1.dat,0.2,4.0,4.0,100,1,0.16736206976502233,0.12544956917282507,0.03907295149106479,0.7495698956696536,0.23346360107713487,3.2106499351991085,3.3392675407622487,0.12853394136876234,0.011971415027720663,0.6069217457284137,2.7755575615628914e-17,0.0,1086.0,1028.0
bench/associating/dimer_kinetics/results/rho0.20_Ea4_Ee4_N100_r2.dat,0.2,4.0,4.0,100,2,0.16736206976502233,0.1702075516874061,0.05170246830007301,1.017001952272572,0.30892584187482675,3.292058528029033,3.4062110006482307,0.1265944329064777,0.009654374447054886,0.5855505041370797,2.7755575615628914e-17,0.0,1003.0,943.0
bench/associating/dimer_kinetics/results/rho0.20_Ea4_Ee4_N100_r3.dat,0.2,4.0,4.0,100,3,0.16736206976502233,0.15932773174522716,0.0449500516441582,0.9519942718736961,0.2685796830026566,3.5445505826450754,3.606925796796706,0.21291037759376757,0.014122969680408482,0.5225312472435248,2.7755575615628914e-17,0.0,1028.0,977.0
bench/associating/dimer_kinetics/results/rho0.20_Ea4_Ee4_N100_r4.dat,0.2,4.0,4.0,100,4,0.16736206976502233,0.12299875388374526,0.038634830136876255,0.7349261039639178,0.23084579553252338,3.183623519191952,3.0619269242983504,0.1788967635131226,0.012125850882229288,0.6131271582015743,2.7755575615628914e-17,0.0,1010.0,948.0
bench/associating/dimer_kinetics/results/rho0.20_Ea4_Ee6_N100_r1.dat,0.2,4.0,6.0,100,1,0.16736206976502233,0.2255881720806646,0.009230362491919702,1.3479050085685016,0.055152057481597856,24.439795541956823,25.329327288747685,1.457854612193578,0.006851280000939065,0.8797574503600056,2.7755575615628914e-17,0.0,479.0,383.0
bench/associating/dimer_kinetics/results/rho0.20_Ea4_Ee6_N100_r2.dat,0.2,4.0,6.0,100,2,0.16736206976502233,0.18908226007538617,0.007083646718377234,1.1297796468510408,0.042325281518821624,26.69278517022124,28.003212745597587,1.0109864694047233,0.00585195910567489,0.9184506610120396,2.7755575615628914e-17,0.0,467.0,373.0
bench/associating/dimer_kinetics/results/rho0.20_Ea4_Ee6_N100_r3.dat,0.2,4.0,6.0,100,3,0.16736206976502233,0.17642970327503338,0.006485260667298581,1.0541797405035807,0.038749883270468265,27.204720415428536,27.025750359437907,1.2044748583034677,0.005373184260221582,0.9251650608819854,2.7755575615628914e-17,0.0,450.0,357.0
bench/associating/dimer_kinetics/results/rho0.20_Ea4_Ee6_N100_r4.dat,0.2,4.0,6.0,100,4,0.16736206976502233,0.19496534158442683,0.008202767419990152,1.1649314677941047,0.04901210549981189,23.76823961987464,23.59269683692173,1.6181552715340837,0.007412151579851536,0.8890329587548401,2.7755575615628914e-17,0.0,493.0,403.0
bench/associating/dimer_kinetics/results/rho0.20_Ea4_Ee8_N100_r1.dat,0.2,4.0,8.0,100,1,0.16736206976502233,0.27724965030179033,0.0015566881391961222,1.656585931872443,0.0093013198353828,178.10224368058897,205.04488547659727,18.97005552330205,0.0045633478766909635,0.9490972461611904,2.7755575615628914e-17,0.0,206.0,90.0
bench/associating/dimer_kinetics/results/rho0.20_Ea4_Ee8_N100_r2.dat,0.2,4.0,8.0,100,2,0.16736206976502233,0.2382758669135655,0.0015087478361914845,1.423714867102843,0.009014873192652186,157.92955005326976,176.3426828810304,13.161868796103306,0.0024829605956163477,0.9750429939457862,2.7755575615628914e-17,0.0,215.0,104.0
bench/associating/dimer_kinetics/results/rho0.20_Ea4_Ee8_N100_r3.dat,0.2,4.0,8.0,100,3,0.16736206976502233,0.2628714662131732,0.0012547337137638107,1.5706752825311423,0.007497121154903657,209.50378819792815,190.40317665601285,25.413818769736356,0.004921002221276825,0.9544592567318739,2.7755575615628914e-17,0.0,208.0,96.0
bench/associating/dimer_kinetics/results/rho0.20_Ea4_Ee8_N100_r4.dat,0.2,4.0,8.0,100,4,0.16736206976502233,0.2824031678959623,0.0012613948968396777,1.6873785577129787,0.007536922186793496,223.88164769296316,263.6112789138412,17.58461473408024,0.003048768458432938,0.9673269917879246,2.7755575615628914e-17,0.0,201.0,86.0
bench/associating/dimer_kinetics/results/rho0.20_Ea5_Ee4_N100_r1.dat,0.2,5.0,4.0,100,1,0.06515960985336484,0.048337819339061484,0.01576186690444679,0.7418371510793402,0.24189627500712924,3.066757233270651,2.916478570463296,0.14046110242325058,0.010598046646363784,0.7980374660222407,2.7755575615628914e-17,0.0,441.0,383.0
bench/associating/dimer_kinetics/results/rho0.20_Ea5_Ee4_N100_r2.dat,0.2,5.0,4.0,100,2,0.06515960985336484,0.05435845284574528,0.016647595257706555,0.8342353947188069,0.25548948643446906,3.2652435384372707,3.2069079987143247,0.10159330197348944,0.00769282862691003,0.8299892104754688,2.7755575615628914e-17,0.0,416.0,363.0
bench/associating/dimer_kinetics/results/rho0.20_Ea5_Ee4_N100_r3.dat,0.2,5.0,4.0,100,3,0.06515960985336484,0.04492742319104165,0.013678484537540909,0.6894980386184985,0.20992275073965244,3.2845322204910437,3.3020211787719247,0.21212569620314162,0.01251168522201973,0.7958809350380531,2.7755575615628914e-17,0.0,427.0,367.0
bench/associating/dimer_kinetics/results/rho0.20_Ea5_Ee4_N100_r4.dat,0.2,5.0,4.0,100,4,0.06515960985336484,0.05329649202592339,0.016698477286919037,0.8179375558856443,0.2562703693975038,3.19169772849132,3.304931593969976,0.12647205471514128,0.00809746822420402,0.8148145264096501,2.7755575615628914e-17,0.0,408.0,351.0
bench/associating/dimer_kinetics/results/rho0.20_Ea6_Ee4_N100_r1.dat,0.2,6.0,4.0,100,1,0.024482833826886534,0.0119851424627272,0.0027951554584894197,0.489532484167146,0.11416797084248632,4.287826792004014,3.815073389238845,0.16738129669987856,0.005191998583724616,0.9651037238671716,2.7755575615628914e-17,0.0,178.0,117.0
bench/associating/dimer_kinetics/results/rho0.20_Ea6_Ee4_N100_r2.dat,0.2,6.0,4.0,100,2,0.024482833826886534,0.017171591779234538,0.005725493467351035,0.7013727210114483,0.23385746551379272,2.9991461656804876,2.977363581582652,0.13146606553361934,0.0060907863823758054,0.9355760321935181,2.7755575615628914e-17,0.0,173.0,117.0
bench/associating/dimer_kinetics/results/rho0.20_Ea6_Ee4_N100_r3.dat,0.2,6.0,4.0,100,3,0.024482833826886534,0.01753727762383489,0.004798303803207127,0.7163091392049485,0.19598645471905016,3.654891049648251,3.5539673183344416,0.19451027539312535,0.009726224967481219,0.9148891307242814,2.7755575615628914e-17,0.0,195.0,143.0
bench/associating/dimer_kinetics/results/rho0.20_Ea6_Ee4_N100_r4.dat,0.2,6.0,4.0,100,4,0.024482833826886534,0.02181051340447681,0.009289423498852012,0.8908492194447263,0.3794259914736897,2.3478866484203413,2.3702099338980243,0.0728400139237048,0.003969384946024552,0.9236504289093002,2.7755575615628914e-17,0.0,169.0,122.0
