rho,series,points,intercept,slope
0.025,activation_lnkf,5,1.1383430480957033,-0.8969688415527344
0.025,activation_lnq,5,1.5539995516068283,-0.861662181206702
0.025,activation_kf_over_q,5,-0.41565650351112565,-0.035306660346032234
0.025,activation_kb_over_q,5,1.581734243559188,-1.0024598280706418
0.025,binding_lnkb,4,-1.5117340087890625,-0.5807872772216797
0.025,binding_lnKeq_kin,4,-2.9232406616210938,0.9696660995483398
0.025,binding_lnKeq_eq,4,-2.9153059702619637,0.9613839878165082
0.05,activation_lnkf,5,1.2123085021972657,-0.9212532043457031
0.05,activation_lnq,5,1.5539995516068283,-0.861662181206702
0.05,activation_kf_over_q,5,-0.34169104940956296,-0.05959102313900102
0.05,activation_kb_over_q,5,-1.2358774507767505,-0.08118755023861043
0.05,binding_lnkb,4,-0.8531627655029297,-0.6641319274902344
0.05,binding_lnKeq_kin,4,-2.9998531341552734,0.9813112258911133
0.05,binding_lnKeq_eq,4,-3.036376322327317,0.9839807502536335
0.1,activation_lnkf,5,0.5022979736328121,-0.7581703186035156
0.1,activation_lnq,5,1.5539995516068283,-0.861662181206702
0.1,activation_kf_over_q,5,-1.0517015779740162,0.1034918626031865
0.1,activation_kb_over_q,5,-2.1117250765091726,0.11050747234439748
0.1,binding_lnkb,4,-0.41535377502441406,-0.741370964050293
0.1,binding_lnKeq_kin,4,-2.981130599975586,1.0030038833618165
0.1,binding_lnKeq_eq,4,-2.956705058779136,0.9925231995404851
0.2,activation_lnkf,5,1.2445953369140623,-0.8584690093994141
0.2,activation_lnq,5,1.5539995516068283,-0.861662181206702
0.2,activation_kf_over_q,5,-0.30940421469276624,0.0031931718072880644
0.2,activation_kb_over_q,5,-1.5355692232376879,0.012660868950842752
0.2,binding_lnkb,4,-1.0788040161132812,-0.6536041259765625
0.2,binding_lnKeq_kin,4,-2.8500194549560547,1.013047981262207
0.2,binding_lnKeq_eq,4,-2.833385690434931,1.0177272514058324
