rho,Ea,Ee,Nevery,replicas,q,q_se,kf,kf_se,kb,kb_se,kf_over_q,kf_over_q_se,kb_over_q,kb_over_q_se,Keq_kin,Keq_kin_se,Keq_eq,Keq_eq_se,fit_sse,fit_sse_se,fit_r2,fit_r2_se,creations,creations_se,breaks,breaks_se
0.025,2.0,4.0,100,4,0.7416274729950026,0.0,0.41724472203563,0.08025780890613747,0.1667225321297656,0.028655799616873485,0.5626068844923191,0.10821849490286922,0.22480630532263066,0.03863907508866865,2.4820379672803594,0.07521245435954935,2.6243226465625,0.11970318699958202,9.588008141793766e-05,1.1802455063158e-05,0.08661487991425607,0.01176349213351568,1078.25,18.625139820504256,1062.25,18.098687797738265
0.025,3.0,4.0,100,4,0.3921764686764122,0.0,0.3529612469458612,0.0725151464013152,0.14348112875763802,0.027292486963164924,0.9000061837904206,0.18490437900583986,0.3658585871862327,0.06959236247721982,2.4318350720981257,0.06744315202911885,2.5603244755404546,0.15611003068058138,0.0001108126365401705,5.173256696441137e-06,0.09281484717638777,0.024663057363866776,569.5,3.593976442141304,556.5,3.6170890690351176
0.025,4.0,2.0,100,4,0.16736206976502233,0.0,0.09452569153069318,0.08216889312719129,0.28095741610522695,0.24987328118662458,0.5647975772730823,0.4909648479046481,1.678740090270713,1.493010223507923,0.38533434939718436,0.02501169914002189,0.36889116513619225,0.032297206305847946,1.5688330902623854e-05,2.3267444455688854e-06,0.08084912092188218,0.033903447689866556,121.5,2.8431203515386634,119.75,3.2242570203588508
0.025,4.0,4.0,100,4,0.16736206976502233,0.0,0.07348151767183475,0.014866868089230956,0.028785377895731646,0.005946817481257012,0.4390571757089488,0.08883057021285741,0.17199463376705693,0.03553264780727432,2.560282413659899,0.031204996875772845,2.606012131239885,0.056665364951465416,9.976688176289846e-05,1.0371934078459965e-05,0.2504302865610044,0.018727021848868066,234.5,2.179449471770337,221.5,1.5
0.025,4.0,6.0,100,4,0.16736206976502233,0.0,0.16518549468523822,0.023889479734697072,0.00967862084343012,0.001758970275689618,0.9869948126069423,0.1427413019463615,0.0578304322898192,0.010509969661340985,17.43217363377827,0.9724046474028027,17.36051745889743,1.0564064329836982,0.0001126388723835332,1.9885055719764262e-05,0.8763240390183191,0.021582199433619557,229.0,2.857738033247041,185.0,3.559026084010437
0.025,4.0,8.0,100,4,0.16736206976502233,0.0,0.21030240342356976,0.008297003702907447,0.0016323463484869448,0.0001289755239979348,1.2565714783453383,0.049575173840503445,0.00975338289481465,0.0007706377208349386,132.47367952892793,15.734288913992039,119.38011741244551,11.051758083566003,0.00011261397540698968,2.6980010712241423e-05,0.967058196634281,0.009091094809554725,149.5,4.769696007084728,65.0,5.41602560309064
0.025,5.0,4.0,100,4,0.06515960985336484,0.0,0.05336300489487343,0.017171586572038072,0.02317719580719974,0.008533915087215667,0.81895832425887,0.2635311446873454,0.35569881187683117,0.13096940123521894,2.3882840903775056,0.10288183083722448,2.3648048151944416,0.07773179874684144,4.976770212188598e-05,1.0402815138484382e-05,0.5401682393235792,0.0641545086746556,92.75,2.3935677693908453,82.0,3.109126351029605
0.025,6.0,4.0,100,4,0.024482833826886534,0.0,0.014288237066555503,0.003955809846053187,0.004391432202097926,0.0019291604455131883,0.5836022564865209,0.16157483541423212,0.1793678065680186,0.07879645220622397,65715913.9537124,65715910.39035234,2.5380015513848697,0.420314229334253,2.5013127821057272e-05,4.474707619354615e-06,0.8266695935686046,0.050701459575299826,38.75,3.1457643480294792,25.25,2.212653007891959
0.05,2.0,4.0,100,4,0.7416274729950026,0.0,0.40431097519778003,0.051970525716965504,0.1550888852056136,0.021175557367226518,0.5451672031040097,0.07007632215549775,0.20911966027809037,0.028552822189435265,2.618509812982232,0.04919476990832143,2.5918511989043553,0.06586929076045234,0.0005949987623268713,2.753867099517729e-05,0.14328279876757036,0.022867501133548792,1863.5,8.470537173048708,1841.75,8.320406640703727
0.05,3.0,4.0,100,4,0.3921764686764122,0.0,0.27761416983990467,0.041583231743597064,0.10630763162857995,0.01744506739557987,0.7078807425056557,0.10603193986610071,0.27107090842896847,0.044482697940691415,2.627202448841214,0.048804996842576207,2.6308114136901866,0.0813135444723,0.0005819281451388291,7.86807285438923e-05,0.20558224814569978,0.03615678988112701,990.25,5.1214418542698175,968.25,6.9447222166668885
0.05,4.0,2.0,100,4,0.16736206976502233,0.0,0.03268696089598989,0.004824077409292174,0.09494185492628052,0.01613122910224381,0.195306863388357,0.028824197836852864,0.567284182488778,0.09638521514995713,0.34816856124599826,0.015338605096910363,0.3393043949575344,0.016126209178613963,0.00012124336930391169,8.876775916357196e-06,0.05289980584864484,0.007201497721959207,261.5,8.391463916782737,257.25,8.16879224039066
0.05,4.0,4.0,50,4,0.08751003828262435,0.0,0.08778038048377515,0.006479684946427319,0.033026873664540136,0.0023352108120034826,1.0030892707448908,0.07404504755786283,0.37740668742339956,0.026685062169229477,2.6565298850653902,0.02775323654626909,2.618235099134287,0.02499785284991749,0.0004242915223962158,5.961996315301896e-05,0.5040613580483078,0.04895429238310463,441.0,8.95358401237553,416.75,8.644603326160587
0.05,4.0,4.0,100,4,0.16736206976502233,0.0,0.11064065008690724,0.01111432413644242,0.04430320406401874,0.005480549157645785,0.6610855747795638,0.06640885925972963,0.2647147237496572,0.03274666216389723,2.5418011039920834,0.15628632743116805,2.5268709767140347,0.13182062561759272,0.0005968603624117139,0.000145651269486723,0.3648114035459471,0.06969647398492576,438.75,8.596268570335232,415.75,8.260094833999586
0.05,4.0,4.0,200,4,0.30671407713401244,0.0,0.08270164116794226,0.013298558794977688,0.033308823210856375,0.005932524160035691,0.26963757888363066,0.04335816249205658,0.10859893853617539,0.019342197187263748,2.509881224020416,0.0557284228905883,2.5568633348515597,0.087426386145086,0.000512456766174835,9.093002624180235e-05,0.4520147030793719,0.018523626168811372,380.75,7.641716648328001,358.5,7.41057802513857
0.05,4.0,6.0,100,4,0.16736206976502233,0.0,0.14128470243466504,0.005816059121709289,0.007445513355744837,0.0004504396313126342,0.8441859175919004,0.03475135752010644,0.0444874598300463,0.0026914081066579483,19.093588411637985,0.8293094645537751,17.700281981455138,1.013030416131918,0.0005709774931741938,0.00011595056118283112,0.9003890832975227,0.020477815300225827,324.0,3.3665016461206925,264.25,2.9545163168726396
0.05,4.0,8.0,100,4,0.16736206976502233,0.0,0.24155523742893434,0.020201055386407783,0.001961496045773023,0.00014653855207364232,1.4433093338776213,0.12070271008700018,0.01172007521493358,0.0008755780343741183,123.0017008124825,3.392720564381539,125.31208638595594,6.402675918524294,0.0003356744588601286,5.8263625994286106e-05,0.9708181249907166,0.004274497448876929,177.75,1.3768926368215255,80.75,1.1086778913041726
0.05,5.0,4.0,100,4,0.06515960985336484,0.0,0.03372028364251589,0.0029875091914487767,0.012534599388269186,0.0011558744228762575,0.5175028475216472,0.04584909575382458,0.19236762492097548,0.017739124366727126,2.69598824964225,0.05956829118662686,2.6542161023366564,0.04925773581618496,0.0002714190562090966,5.618530578538265e-05,0.7774183355224662,0.04325312175807623,173.0,3.582364210034113,150.25,4.269562819149833
0.05,6.0,4.0,100,4,0.024482833826886534,0.0,0.011382635107255854,0.0012559535670857533,0.004406194930384151,0.0012778599214237475,0.46492310439797546,0.0512993543135718,0.1799707893922541,0.05219411815067048,3.054217214904819,0.5737345177736588,2.364403696919349,0.25176116540860227,0.00017996474124752694,7.200497761323147e-05,0.8567977281034589,0.05723963231821768,71.0,3.0276503540974917,48.0,1.4719601443879744
0.1,2.0,4.0,100,4,0.7416274729950026,0.0,0.34201081631981545,0.017388716736112506,0.1218208827240119,0.007646780113895701,0.46116254962701475,0.023446699818022616,0.1642615560505709,0.010310810200995923,2.814651890757512,0.04697370453681452,2.696504883602578,0.031910033255293554,0.0030457392775241603,9.898695739700089e-05,0.21831088553948816,0.0048721893370368315,2954.75,32.892184988737576,2921.0,31.312936623702353
0.1,3.0,4.0,100,4,0.3921764686764122,0.0,0.1525329593113633,0.020182285963620327,0.053710148452165166,0.007598577016015974,0.3889396011600568,0.051462256345300716,0.1369540315191165,0.019375402715162946,2.854200337607936,0.04717183908475206,2.890266880017255,0.07187718621823641,0.002930056009569363,0.0003016439161918292,0.3826418659561076,0.03404507137068254,1582.0,13.272779161376365,1543.25,13.536216852084879
0.1,4.0,2.0,100,4,0.16736206976502233,0.0,0.06071690188596362,0.020413750200132356,0.16068656714198842,0.05088286456157436,0.3627877091339193,0.1219735763831878,0.9601134078205035,0.30402865256754,0.37229515312650047,0.007214220047550933,0.37881952724799406,0.011721060463019886,0.0010462362455383976,2.112125300755359e-05,0.07852150434469679,0.013795851481314458,517.5,9.742518497116988,507.25,10.184751674275946
0.1,4.0,4.0,100,4,0.16736206976502233,0.0,0.09983559969546248,0.003283329033598323,0.03511704377869773,0.0018605396006400828,0.596524647643474,0.01961811919635162,0.20982677752493345,0.011116853437892439,2.852780064278904,0.07668857980736268,2.7219045643602513,0.15527175409585162,0.00253226962660248,0.0004248668850499839,0.5548175736123719,0.04458654619628203,706.25,10.077822185373186,671.25,8.673474889954237
0.1,4.0,6.0,100,4,0.16736206976502233,0.0,0.1942167376428931,0.011345205508578642,0.009223146726284152,0.0004007851298300784,1.1604585072088016,0.06778839150655463,0.055108942780365495,0.0023947190088697166,21.029925272099785,0.5974776369057356,20.777546322308094,0.2540766700960637,0.002225983951902028,0.0006412068947943974,0.8922922185865856,0.026675733783939417,397.5,6.487166818676188,319.75,5.558402048550764
0.1,4.0,8.0,100,4,0.16736206976502233,0.0,0.23725536491944463,0.006676494934527196,0.0015518103232485952,7.663522753931064e-05,1.417617296753996,0.039892521309643526,0.009272174546044688,0.0004579008113780326,153.49732501836945,4.769830352458678,144.1292904988732,8.101118533876694,0.000938049196796665,0.00022654727150204351,0.9758259331896658,0.005385664224581116,193.5,5.780715065341542,88.0,4.654746681256314
0.1,5.0,4.0,100,4,0.06515960985336484,0.0,0.04629287678644302,0.003536342380773349,0.017148613768646258,0.0022158937264365863,0.7104535599679078,0.05427200053425016,0.2631785826716503,0.03400716688487289,2.7695791986955434,0.18103657025720643,2.717686006151148,0.20255051300679972,0.0019399619205150806,0.0004853342424963371,0.7562818892845867,0.06735431046417008,284.75,2.1360009363293826,250.5,2.533114025595111
0.1,6.0,4.0,100,4,0.024482833826886534,0.0,0.01429661761869711,0.0018942049076907876,0.005511305034100501,0.0012184480171624351,0.5839445596774367,0.07736869518799787,0.22510895074769088,0.04976744219144931,2.836924713892721,0.3744421013062809,2.5133349641037026,0.22467669497117349,0.0014529393132586771,0.00038360763086767565,0.8846454867653679,0.03798922088676456,106.0,7.164728420068226,70.0,6.363961030678928
0.2,2.0,4.0,100,4,0.7416274729950026,0.0,0.5135883124313613,0.024714181671582992,0.15424038732367537,0.0077327247945008755,0.6925152197467501,0.03332425317494883,0.20797555772952697,0.010426696793300943,3.3308193062353864,0.01348752889290967,3.3193746109108306,0.06824504777480961,0.013086444618118292,0.0010693063334161032,0.28224633443319525,0.01632267832203058,4447.25,28.12879604011993,4394.25,28.502558364703567
0.2,3.0,4.0,100,4,0.3921764686764122,0.0,0.2914677944863659,0.029270243215845034,0.0875419442915269,0.00908412932295601,0.7432057192775077,0.07463538879482375,0.22322079799172864,0.023163371717876823,3.334315138049519,0.07276026420350021,3.3801901058194224,0.075900553146695,0.013067495430687266,0.0013203901928819015,0.38691139693206744,0.013914556057492217,2352.5,11.919871363959148,2295.5,11.7011395456454
0.2,4.0,2.0,100,4,0.16736206976502233,0.0,0.030872079235680434,0.008998312667741367,0.07090904580858681,0.02134781806199828,0.18446281931757344,0.053765543652603415,0.42368647751634336,0.12755469678386977,0.4394227733216669,0.006768846919586438,0.462015043912515,0.008240607779794233,0.007320704265137305,0.00046712447316256167,0.21071532828792455,0.04598279083754827,1048.25,12.188621743248905,1028.5,11.821590417536889
0.2,4.0,4.0,100,4,0.16736206976502233,0.0,0.1444959016223009,0.011923234581182973,0.04359007539304306,0.0030634854601718784,0.8633730559449598,0.07124215539353267,0.26045373037178543,0.018304538564042832,3.3077206412662923,0.08223773495586333,3.353582815626384,0.11262788213394928,0.01196865250935333,0.000913860145348724,0.5820326638276481,0.02069445931119645,1031.75,18.834255139682764,974.0,19.49786313078094
0.2,4.0,6.0,100,4,0.16736206976502233,0.0,0.19651636925387775,0.010433581743000062,0.007750509324396417,0.0006082805467088729,1.1741989659293068,0.06234137614125403,0.046309831942674906,0.0036345185474994635,25.52638518687031,0.8390992666623924,25.987746807676228,0.9707958481622311,0.006372143736671768,0.0004636539621605789,0.9031015327522177,0.011050135628592934,472.25,9.123002064379174,379.0,9.626352718795768
0.2,4.0,8.0,100,4,0.16736206976502233,0.0,0.26520003783112284,0.009880427074519646,0.0013953911464977737,7.989887736882969e-05,1.5845886598048518,0.05903623854790898,0.008337559092433035,0.00047740134596213087,192.3543074061875,14.933918653605886,208.85050598187044,19.170914431218392,0.0037540197880042685,0.0005866451840138664,0.9614816221566937,0.0059214689610870815,207.5,2.9011491975882016,94.0,3.9157800414902435
0.2,5.0,4.0,100,4,0.06515960985336484,0.0,0.05023004685044295,0.0022012338340187537,0.015696605996653325,0.0007062341365010914,0.7708770350755725,0.0337821825356599,0.24089472039468862,0.010838526168133912,3.2020576801725715,0.049335621019103396,3.1825848354798802,0.0915778038804596,0.00972500717987439,0.0011293953081175782,0.8096805344863531,0.007983264691908598,423.0,7.153087911291645,366.0,6.60807586719967
0.2,6.0,4.0,100,4,0.024482833826886534,0.0,0.01712613131756836,0.002011307822464472,0.005652094056974899,0.001357896930769988,0.6995158909570673,0.08215175729599145,0.23085947063725473,0.055463225391775284,3.3224376639382736,0.41800802394116343,3.1791535557634907,0.32145351766839714,0.006244598719901549,0.0012392855578427075,0.9348048289235678,0.01095320905690229,178.75,5.7209410647783,124.75,6.196437148340435
