time,Cxy,Cxz,Cyz,CNxy,CNxz,CNyz,G_shear,G_normal,G,support_upper
0.0,0.00899373,0.00908576,0.00896003,0.0315067,0.0319392,0.0321337,277.15826112003185,163.28369077648932,440.4419518965212,1.0
0.01,0.00872913,0.00881991,0.00869643,0.0307693,0.0312028,0.0313985,269.0191552023838,159.50993912943008,428.5290943318139,0.999999
0.02,0.00828007,0.00836721,0.00824707,0.0292926,0.0297297,0.0299259,255.17001624708814,151.9549190823704,407.12493532945854,0.999998
0.03,0.00773937,0.00782135,0.00770527,0.0274485,0.0278903,0.0280867,238.4791346753215,142.520198294134,380.9993329694555,0.999997
0.04,0.00719925,0.00727594,0.00716399,0.025608,0.0260538,0.026251,221.8041407859078,133.10256103530938,354.9067018212172,0.999996
0.05,0.00672639,0.00679916,0.00669026,0.0240387,0.0244869,0.0246866,207.21443083061203,125.07227720001437,332.2867080306264,0.999995
0.06,0.00635958,0.00643049,0.00632307,0.0228953,0.0233439,0.0235481,195.91193360472838,119.22133921177837,315.13327281650675,0.999994
0.07,0.00611767,0.00618885,0.00608138,0.0222448,0.0226921,0.0229012,188.47813828237457,115.89141765883683,304.3695559412114,0.999993
0.08,0.0060262,0.00609934,0.00599052,0.0221353,0.022577,0.0227929,185.69174630119778,115.32270696471912,301.0144532659169,0.999992
0.09,0.00602915,0.00610497,0.00599405,0.0223934,0.0228298,0.0230521,185.81587522590365,116.63830956471928,302.45418479062295,0.999991
0.1,0.0060861,0.00616485,0.00605127,0.0228629,0.0232949,0.0235232,187.59990820237448,119.03974129413129,306.63964949650574,0.99999
0.11,0.00615273,0.00623441,0.00611837,0.0233676,0.0237955,0.0240291,189.6836546188453,121.62140425883747,311.30505887768277,0.999989
0.12,0.00618548,0.00626984,0.00615239,0.0237339,0.0241582,0.0243958,190.73121664237482,123.49324657648476,314.22446321885957,0.999988
0.13,0.00615202,0.00623851,0.00612141,0.023832,0.0242536,0.0244942,189.74956287531592,123.99191480001423,313.74147767533015,0.999987
0.14,0.00604273,0.00613059,0.00601529,0.023615,0.0240363,0.0242782,186.435392336492,122.88097288236706,309.31636521885906,0.999986
0.15,0.00587785,0.00596572,0.00585475,0.0231355,0.0235612,0.0237971,181.40986215531493,120.42829056471969,301.8381527200346,0.999985
0.16,0.0056762,0.00576281,0.00565826,0.022502,0.0229334,0.0231596,175.2490289435495,117.18447000001346,292.43349894356294,0.999984
0.18,0.00529575,0.00538111,0.00528842,0.0213316,0.0217734,0.0219807,163.64599826825406,111.18934702354217,274.8353452917962,0.999982
0.2,0.00503279,0.00511951,0.00503276,0.0206313,0.0210775,0.0212757,155.64865147766494,107.59975582354176,263.2484073012067,0.99998
0.22,0.00489743,0.00498667,0.00489955,0.0203965,0.0208322,0.0210361,151.53415175295854,106.3702542117769,257.9044059647354,0.999978
0.24,0.004803,0.00489118,0.00480529,0.0202735,0.0206814,0.0209027,148.62127332001705,105.67461289412977,254.29588621414683,0.999976
0.26,0.00466712,0.0047494,0.00467019,0.0199624,0.0203379,0.02058,144.3904347600166,104.00503956471782,248.39547432473444,0.999974
0.28,0.00448513,0.0045591,0.00449318,0.0194483,0.0197982,0.020053,138.7600451364865,101.30447523530574,240.06452037179224,0.999972
0.3,0.00431075,0.00438065,0.00432612,0.0189407,0.0192822,0.0195355,133.4311114729565,98.67173251765838,232.10284399061487,0.99997
0.32,0.00419403,0.00426876,0.00421406,0.0186587,0.0190094,0.0192554,129.93920389413256,97.24542864706997,227.18463254120252,0.999968
0.36,0.00401766,0.00409789,0.00403601,0.0182743,0.0186301,0.0188899,124.55491959530839,95.3163565058933,219.8712761012017,0.999964
0.4,0.00381728,0.00388307,0.00383526,0.017723,0.0180582,0.0183645,118.2413596306018,92.49996584706943,210.74132547767124,0.99996
0.44,0.00359996,0.003657,0.00363023,0.0171037,0.0174263,0.0177584,111.59497834589516,89.32704192942201,200.92202027531715,0.999956
0.48,0.00342875,0.00349634,0.00346569,0.0166408,0.0169592,0.0172996,106.5067174447181,86.95448136471586,193.46119880943397,0.999952
0.52,0.00328822,0.00335775,0.00332638,0.0162446,0.0165578,0.0169144,102.21776071765878,84.9338415058921,187.15160222355087,0.999948
0.56,0.00315196,0.00321633,0.0032038,0.0158541,0.0161757,0.0165419,98.11504862824656,82.97760655295069,181.09265518119724,0.999944
0.6,0.00301094,0.00307109,0.00308494,0.0154275,0.0157637,0.0161459,93.9625209670696,80.86847401177398,174.8309949788436,0.99994
0.64,0.00288583,0.0029449,0.00296733,0.0150811,0.0153764,0.0158053,90.1811500658927,79.0331904470679,169.21434051296058,0.999936
0.72,0.00267996,0.00272579,0.00276104,0.0144439,0.0147046,0.0151868,83.71055829883313,75.74034015294987,159.45089845178302,0.999928
0.8,0.00248014,0.00253112,0.00258584,0.0138829,0.0140761,0.01463,77.87116877647952,72.75704341177305,150.62821218825258,0.99992
0.88,0.00230495,0.00236557,0.00242209,0.013364,0.0135366,0.0141058,72.70008692471421,70.05340404706685,142.75349097178105,0.999912
0.96,0.00214397,0.00222406,0.00226922,0.0129015,0.0130513,0.0136514,68.032593352949,67.65795155294894,135.69054490589792,0.999904
1.04,0.00200541,0.00210256,0.00213627,0.0124885,0.0126233,0.0132382,64.00419461647793,65.51533529412517,129.5195299106031,0.999896
1.12,0.00188453,0.00199219,0.00202766,0.0120882,0.0122096,0.012829,60.52058963294813,63.42567797647787,123.946267609426,0.999888
1.2,0.00176137,0.00188852,0.00192196,0.0116997,0.0118068,0.0124473,57.11211801177126,61.42177997647764,118.5338979882489,0.99988
1.28,0.00165159,0.00179336,0.00183374,0.0113489,0.0114343,0.0121096,54.10719352235915,59.6092175058892,113.71641102824834,0.999872
1.44,0.00146046,0.00161303,0.00166811,0.0106458,0.0107733,0.0114633,48.6019578352997,56.17474475294762,104.77670258824732,0.999856
1.6,0.00131358,0.00146136,0.00151604,0.0100292,0.0102314,0.0108853,43.98304982118152,53.20818987059434,97.19123969177585,0.99984
1.76,0.00117381,0.00132616,0.00137673,0.00948837,0.00968847,0.0103526,39.7366310823575,50.4467056752999,90.1833367576574,0.999824
1.92,0.00107598,0.00120339,0.00126242,0.00902227,0.00919983,0.00987484,36.30376418118064,47.99949008706434,84.30325426824498,0.999808
2.08,0.00100425,0.00110515,0.00116328,0.0086117,0.00879343,0.00947168,33.54535502118032,45.91507741294644,79.46043243412676,0.999792
2.24,0.000932371,0.00101809,0.00108555,0.0081999,0.00844061,0.00907942,31.11946992776827,43.93871806235798,75.05818799012624,0.999776
2.4,0.000861372,0.000943417,0.00100946,0.00790004,0.00816811,0.00875841,28.846383338120955,42.41252679529898,71.25891013341993,0.99976
2.56,0.000807444,0.000899652,0.000947685,0.00764361,0.00789555,0.00845086,27.211817577179595,40.98342122588706,68.19523880306664,0.999744
2.88,0.000727503,0.000812668,0.000818697,0.00726609,0.00743359,0.00789099,24.178674513885127,38.592837537651484,62.77151205153661,0.999712
3.2,0.000630778,0.000733224,0.000752762,0.00686324,0.0069981,0.00742405,21.697080031061315,36.36295861059241,58.06003864165372,0.99968
3.52,0.000534711,0.000631909,0.000657255,0.00646043,0.00654854,0.00707942,18.694933323531558,34.31806014000394,53.012993463535494,0.999648
3.84,0.000471791,0.00058011,0.00058584,0.00607761,0.00619746,0.00670978,16.787037925413692,32.43282433529784,49.21986226071153,0.999616
4.16,0.000411719,0.00055781,0.000536932,0.00586832,0.0059223,0.00636779,15.441402480707655,31.020973130591795,46.46237561129945,0.999584
4.48,0.000355832,0.000503861,0.000512208,0.00561916,0.00567234,0.00602926,14.06214665011926,29.589971289415153,43.65211793953441,0.999552
4.8,0.000337164,0.000435504,0.000477462,0.00540299,0.00548682,0.00582744,12.813979574119116,28.55896320588563,41.37294278000475,0.99952
5.12,0.00035903,0.000387794,0.000431419,0.00523927,0.00529072,0.00561851,12.077129366824916,27.5873374705914,39.66446683741631,0.999488
5.76,0.000365228,0.000347297,0.000364623,0.00497917,0.00496222,0.00531056,11.040893723295385,26.055713641179462,37.09660736447485,0.999424
6.4,0.000318672,0.000313997,0.000318367,0.0047326,0.00468342,0.00502858,9.748230886589353,24.67647489412048,34.424705780709836,0.99936
7.04,0.000272389,0.000270519,0.000235506,0.00444118,0.00442394,0.00479532,7.9788350781185615,23.336852851767382,31.315687929885943,0.999296
7.68,0.00023234,0.00027338,0.000178099,0.00414586,0.00415974,0.00464177,7.009225199294922,22.118677620002536,29.127902819297457,0.999232
8.32,0.000214667,0.000259163,0.000181136,0.00403099,0.00393384,0.00447856,6.713478554824301,21.25770190470832,27.97118045953262,0.999168
8.96,0.000180183,0.000237344,0.000188126,0.00390028,0.00371484,0.00415044,6.20801450329483,20.09972903059054,26.307743533885372,0.999104
9.6,0.000123442,0.000249133,0.000219872,0.00373436,0.00358886,0.00383544,6.072651449647755,19.062929630590425,25.13558108023818,0.99904
10.24,0.000140983,0.000211526,0.000227417,0.00351069,0.00352256,0.00365897,5.944309726588917,18.266085484707975,24.21039521129689,0.998976
11.52,0.000130883,0.000166396,0.000207954,0.00330709,0.00360112,0.00340129,5.178697689177065,17.612264647060844,22.79096233623791,0.998848
12.8,7.50625e-05,0.000150718,0.000211351,0.003102,0.00345478,0.0031238,4.480649302235808,16.537847315296016,21.018496617531824,0.99872
14.08,8.88545e-05,0.000142665,0.000229766,0.00284302,0.00325628,0.00300537,4.728230643882895,15.553989772942963,20.282220416825858,0.998592
15.36,5.33432e-05,0.00012073,0.000151867,0.00252138,0.00291816,0.00290683,3.340925395906266,14.258545737648692,17.599471133554957,0.998464
16.64,4.00629e-05,9.76627e-05,0.00013727,0.00238315,0.00266369,0.00268095,2.8187372524238525,13.201792775295633,16.020530027719484,0.998336
17.92,6.37341e-05,6.78595e-05,8.89976e-05,0.0024643,0.00258685,0.00257344,2.2610857519061414,13.0254907517662,15.286576503672343,0.998208
19.2,7.20498e-05,8.78797e-05,8.74049e-05,0.00241117,0.00269975,0.00263652,2.535206698164997,13.235361910589752,15.770568608754749,0.99808
20.48,6.13931e-05,0.000111242,4.39844e-05,0.00229519,0.00264634,0.00250456,2.220375359647314,12.720549751766162,14.940925111413476,0.997952
23.04,0.00013086,4.09532e-05,9.57341e-05,0.00196145,0.00249222,0.00230973,2.742391301153256,11.554274282354266,14.296665583507522,0.997696
25.6,9.08987e-05,-2.82064e-05,0.000109295,0.00188269,0.00234039,0.0023272,1.7628900588002026,11.190190103530695,12.953080162330897,0.99744
28.16,3.13576e-05,-1.0378e-05,0.000173852,0.00192534,0.0021384,0.00202727,1.997046821364935,10.405594848236486,12.40264166960142,0.997184
30.72,-7.17563e-05,-1.62118e-05,0.000161532,0.00174572,0.00226826,0.00176462,0.7540386295765572,9.871888305883486,10.625926935460043,0.996928
33.28,-4.09562e-05,-1.82871e-05,0.000142658,0.00168734,0.00235703,0.00169072,0.8550104884942156,9.797557869412888,10.652568357907104,0.996672
35.84,-2.19854e-05,-1.27304e-05,0.000195405,0.00155243,0.00221131,0.00162539,1.6470832046119537,9.20653608588341,10.853619290495365,0.996416
38.4,-2.27131e-05,8.70697e-05,0.000154801,0.0016102,0.0017243,0.00124515,2.2463911832473165,7.82365854705972,10.070049730307037,0.99616
40.96,-5.44425e-05,8.40522e-05,0.000110058,0.00173291,0.00147497,0.00121845,1.431610356494282,7.561733874118515,8.993344230612797,0.995904
46.08,-1.96896e-06,4.49388e-06,2.9899e-06,0.0020098,0.00157907,0.00118728,0.05652755380235942,8.159349900000937,8.215877453803296,0.995392
51.2,1.47319e-05,2.3632e-05,7.96915e-05,0.00190614,0.00126984,0.000989656,1.210081738870727,7.116376512471406,8.326458251342132,0.99488
56.32,2.37087e-05,1.27028e-05,5.89006e-05,0.00143831,0.00126774,0.000995001,0.9769602381883473,6.322701361294842,7.29966159948319,0.994368
61.44,-2.10397e-05,7.12124e-05,0.000120953,0.00141407,0.000998556,0.000852818,1.7540585574354952,5.578530861647699,7.3325894190831935,0.993856
66.56,-3.63937e-06,1.92229e-05,6.72095e-05,0.00141039,0.000619239,0.000467184,0.8486382978565679,4.2654378321181365,5.114076129974705,0.993344
71.68,4.30757e-06,5.53168e-05,4.24848e-05,0.00111562,0.000450993,0.000519939,1.0466310053436494,3.5645672461180555,4.611198251461705,0.992832
76.8,2.24084e-05,7.47212e-05,3.64642e-05,0.000854455,0.000222977,0.000753665,1.3693521669178044,3.1281599455297706,4.497512112447575,0.99232
81.92,-3.53491e-05,0.000102429,-2.15198e-05,0.000730971,4.33142e-05,0.000334771,0.4669963850118184,1.894659421200217,2.3616558062120356,0.991808
92.16,-6.50324e-05,7.32212e-05,8.52932e-05,0.000442858,0.000211403,0.000192161,0.9582014978824629,1.4459875131766367,2.4041890110590995,0.990784
102.4,3.65533e-05,-2.11955e-05,7.83213e-05,0.000429251,0.000101261,-4.61484e-05,0.9602217960706984,0.8274639806589186,1.7876857767296168,0.98976
112.64,-2.0536e-05,-9.60376e-07,1.42422e-05,0.00032723,0.000153716,3.77313e-05,-0.07435615743247911,0.8860838909765723,0.8117277335440931,0.988736
122.88,-3.71518e-05,-2.30386e-05,0.000147687,-0.000256304,0.000528376,-0.000347738,0.8968504437177499,-0.12926423364707365,0.7675862100706763,0.987712
133.12,-5.80551e-05,-2.74287e-05,0.000111185,2.92474e-05,0.000471648,-0.000279657,0.26344032367061854,0.37795327134121987,0.6413935950118383,0.986688
143.36,-7.02436e-05,2.117e-05,4.40903e-05,7.74536e-06,0.00017212,-0.000132061,-0.051079411270594066,0.08166671900706819,0.030587307736474126,0.985664
153.6,-8.6904e-06,2.77515e-05,2.24999e-05,0.000233632,0.000233195,-4.46556e-05,0.4260051395294607,0.721217752870671,1.1472228924001318,0.98464
163.84,9.97887e-06,-3.48172e-05,8.35538e-06,-2.86808e-05,0.000238261,-0.000263269,-0.16895217667060766,-0.09171941938824582,-0.2606715960588535,0.983616
184.32,-3.21759e-05,-8.16444e-05,2.07601e-05,-0.000492809,0.000579948,0.000209235,-0.9538779982589327,0.5063113945882936,-0.44756660367063916,0.981568
204.8,-1.28613e-05,-9.67774e-06,1.16181e-05,0.000154832,0.000634418,0.000176527,-0.11194091981648342,1.6498879784707774,1.537947058654294,0.97952
225.28,8.79703e-06,-1.05505e-05,2.87549e-05,0.000179699,0.000563251,0.000267459,0.2767678341388553,1.7261351869413744,2.00290302108023,0.977472
245.76,-3.16537e-05,-1.20098e-05,0.000121118,9.21811e-05,0.000403865,0.00046362,0.7939177372942088,1.639448404482541,2.43336614177675,0.975424
266.24,-3.56281e-05,5.48022e-06,2.94548e-05,0.00034533,0.000380157,0.000422172,-0.0071041515388243145,1.9606066281178718,1.9535024765790474,0.973376
286.72,-2.21621e-05,-5.96147e-05,1.56248e-06,0.000217404,0.000104583,0.000370378,-0.8222062169789177,1.1828037841177828,0.36059756713886504,0.971328
307.2,7.93072e-06,-4.91122e-05,6.09739e-05,-9.62818e-05,0.000154588,0.000336796,0.20287463352002325,0.6749740054353716,0.8778486389553948,0.96928
327.68,-6.12366e-09,-5.25506e-05,4.16975e-05,-0.000174366,0.000190435,0.000331245,-0.11130832007073746,0.5933348934118328,0.48202657334109533,0.967232
368.64,2.8719e-05,-3.28976e-05,0.000108888,-4.17372e-05,0.000105895,-0.000308834,1.0732836687530642,-0.4179933059059303,0.6552903628471339,0.963136
409.6,-1.18961e-05,-7.00305e-06,1.35509e-05,0.000124457,5.07993e-05,-0.000111628,-0.05482019170588866,0.10869959344707128,0.05387940174118262,0.95904
450.56,-3.22349e-06,-2.35701e-05,5.22503e-05,7.78342e-05,-2.38022e-05,0.000232772,0.2609342724070888,0.48996245694123264,0.7508967293483214,0.954944
491.52,4.92336e-06,2.76517e-05,5.48256e-05,0.000195074,-7.14332e-05,0.000533134,0.895867047430691,1.1220031612707169,2.017870208701408,0.950848
532.48,-2.74187e-05,-1.71859e-05,8.10286e-06,-3.87094e-06,0.000256939,0.000510749,-0.3741471293223958,1.3048691209719143,0.9307219916495185,0.946752
573.44,1.69961e-06,-2.00443e-05,5.50485e-05,-9.97038e-06,0.000364324,1.61713e-05,0.3762183705953373,0.6329873368612492,1.0092057074565866,0.9426559999999999
614.4,1.19291e-05,-4.49747e-05,4.59687e-05,-0.000379582,0.000552394,-0.000597688,0.13246329536472107,-0.7258381642353773,-0.5933748688706562,0.9385600000000001
655.36,-6.13843e-06,-8.81906e-06,3.33147e-05,9.24841e-05,0.000596485,-0.000686424,0.1881635621717863,0.0043479290705887175,0.19251149124237504,0.934464
737.28,1.59835e-05,7.76012e-06,3.85009e-05,0.000317189,0.000627568,-8.04485e-05,0.6380136528847792,1.4765439680589931,2.1145576209437724,0.926272
819.2,-1.57183e-06,4.7744e-05,1.03585e-05,0.000340427,0.000715547,0.000331764,0.5794460181671253,2.370746293882625,2.95019231204975,0.91808
901.12,-1.18745e-05,-1.48577e-05,4.5334e-05,-0.000186063,-0.000226001,0.000188934,0.1906706384470807,-0.3811847917647497,-0.19051415331766897,0.909888
983.04,-9.13681e-06,-3.41106e-05,5.54529e-05,-0.000664328,-0.000175414,-0.000168624,0.12510770844001437,-1.7226450218825506,-1.5975373134425364,0.901696
1064.96,1.06275e-05,-5.06427e-05,8.54261e-05,-0.000580762,-0.000188919,-0.000262291,0.4654670674588769,-1.762972401411967,-1.2975053339530902,0.893504
1146.88,1.64396e-05,-1.13147e-05,4.28814e-05,-0.000175733,-0.00076879,-0.000314354,0.49207022280005647,-2.1506062255296583,-1.6585360027296019,0.885312
1228.8,-2.98448e-05,-8.84207e-06,2.63837e-05,-9.18489e-05,-0.000188573,-8.18416e-05,-0.12610893993177913,-0.6188739157059534,-0.7449828556377325,0.87712
1310.72,3.31564e-06,1.88592e-05,2.48505e-05,-8.29419e-05,-6.09116e-05,0.000226131,0.48201526739299655,0.14055900911766317,0.6225742765106597,0.868928
1474.56,7.38782e-06,1.05203e-05,2.21631e-05,-0.000353891,-0.000152858,-0.000296102,0.4107347192612236,-1.3715528671766282,-0.9608181479154045,0.852544
1638.4,-4.90727e-06,-1.28925e-06,3.34375e-05,8.51732e-05,-0.000391317,0.000243892,0.2792232498212085,-0.10634804562354158,0.17287520419766692,0.83616
1802.24,9.20812e-06,-1.44253e-05,1.36565e-05,-0.000494365,-0.000841998,-0.00011083,0.0865040228611864,-2.4723164180002835,-2.385812395139097,0.8197760000000001
1966.08,-3.30031e-07,3.39777e-06,2.0679e-05,6.90746e-05,-0.000552848,-0.000355771,0.24340686848402796,-1.4342381449883996,-1.1908312765043716,0.803392
2129.92,-1.6526e-05,1.06797e-05,4.0252e-05,-8.80697e-05,-0.000309534,-7.65913e-05,0.3526624727294522,-0.8100924229412693,-0.45742995021181704,0.7870079999999999
2293.76,1.08234e-05,3.35943e-05,3.35265e-05,-9.75918e-05,-0.000421788,-1.72795e-05,0.798937219905974,-0.916803493564811,-0.11786627365883695,0.770624
2457.6,-4.52636e-06,7.97721e-06,3.48957e-05,-9.1025e-07,-0.000733405,-2.23286e-05,0.3930566488588686,-1.2926147465707367,-0.8995580977118681,0.75424
2621.44,2.63231e-06,-2.65864e-05,2.17204e-05,4.431e-05,-0.000248631,-2.77595e-05,-0.022895585287061464,-0.39647540476475146,-0.41937099005181294,0.7378560000000001
2949.12,3.70405e-07,-1.63927e-05,3.49638e-05,0.000306036,3.76221e-05,5.74621e-05,0.19415265466237522,0.6852548734353727,0.8794075280977479,0.7050879999999999
3276.8,-1.05333e-05,1.09105e-07,4.3334e-05,0.000195934,0.000168797,-0.000103491,0.33732937299180343,0.4462901223529923,0.7836194953447957,0.67232
3604.48,-2.92543e-06,1.77259e-05,3.26223e-05,0.000162347,0.000226655,-0.000297277,0.4860889716494675,0.15669867352942976,0.6427876451788973,0.639552
3932.16,1.16592e-05,-3.07019e-07,3.59248e-05,0.000114225,0.000335018,-6.44445e-05,0.48459461724782027,0.6573716492353695,1.1419662664831898,0.606784
4259.84,-7.57692e-06,-1.64961e-05,2.53718e-05,-0.000185392,0.000375111,-0.000220291,0.013312647797648592,-0.052227766117653014,-0.038915118320004424,0.574016
4587.52,-1.57182e-05,-1.02961e-05,5.37215e-05,-5.77567e-05,0.000182674,2.69962e-05,0.2840020596706208,0.25952187452944153,0.5435239342000624,0.541248
4915.2,1.834e-05,6.9537e-06,4.53068e-05,-0.000178457,7.80628e-05,0.000244628,0.7236634309412595,0.24640223644708706,0.9700656673883465,0.50848
5242.88,9.10654e-06,1.15174e-05,3.03713e-05,-0.000332953,-0.000131322,6.73004e-05,0.52270720944006,-0.6781727254824308,-0.1554655160423708,0.475712
5898.24,1.08585e-05,4.1784e-06,1.21925e-06,-0.000115467,-0.000336869,-5.22002e-05,0.1666274499882544,-0.8619259012000989,-0.6952984512118445,0.410176
6553.6,2.00813e-06,-9.18161e-06,6.61016e-07,0.000201542,-0.000306231,-0.000291484,-0.06675352217224295,-0.6768033097647835,-0.7435568319370265,0.34463999999999995
7208.96,-4.2909e-06,1.65934e-05,-2.40378e-05,0.000132083,-0.000105328,-0.000131807,-0.12028820562354321,-0.17946589317649123,-0.29975409880003445,0.279104
7864.32,6.53113e-06,-1.66164e-05,-3.77204e-05,-0.00055812,0.000214751,-0.000176946,-0.49001374169652684,-0.8888816605883372,-1.378895402284864,0.21356799999999998
8519.68,-6.14314e-06,-1.25195e-06,2.31903e-05,0.000467171,0.000658545,0.000563542,0.16190276076001858,2.8858488727062133,3.047751633466232,0.14803199999999994
9175.04,-4.05356e-05,2.27551e-06,2.99897e-06,-6.42679e-05,0.000686577,0.00031755,-0.3614306283671002,1.605611057776655,1.2441804294095546,0.0824959999999999
