duration,cutoff,eta_cutoff,safe_lag_fraction
100.0,1.0,2.943107982526942,0.01
100.0,2.0,3.4894160141317405,0.02
100.0,5.0,4.344090612786032,0.05
100.0,10.0,4.716125740799216,0.1
100.0,20.0,5.731430726159225,0.2
100.0,50.0,8.8664006059606,0.5
100.0,100.0,2.104870652026616,1.0
250.0,1.0,2.687131415546837,0.004
250.0,2.0,3.163006947814605,0.008
250.0,5.0,3.8616700318197474,0.02
250.0,10.0,4.719718576870267,0.04
250.0,20.0,5.50685873876358,0.08
250.0,50.0,8.253957897816765,0.2
250.0,100.0,6.183826512668502,0.4
250.0,200.0,11.68249160035445,0.8
500.0,1.0,2.763668491300943,0.002
500.0,2.0,3.3608126310161826,0.004
500.0,5.0,4.313675117291654,0.01
500.0,10.0,5.606014592834494,0.02
500.0,20.0,7.437075119134788,0.04
500.0,50.0,10.979143550315785,0.1
500.0,100.0,12.279474111601806,0.2
500.0,200.0,15.717951032836627,0.4
1000.0,1.0,2.765743213360202,0.001
1000.0,2.0,3.3456806173334592,0.002
1000.0,5.0,4.457171331191915,0.005
1000.0,10.0,5.620279715829732,0.01
1000.0,20.0,6.956629219778606,0.02
1000.0,50.0,9.811941920173654,0.05
1000.0,100.0,9.951966411459894,0.1
1000.0,200.0,12.796824086158288,0.2
2500.0,1.0,2.765985972048156,0.0004
2500.0,2.0,3.3610066584751204,0.0008
2500.0,5.0,4.409406395613517,0.002
2500.0,10.0,5.372784139387609,0.004
2500.0,20.0,6.544067377726527,0.008
2500.0,50.0,8.131956610196408,0.02
2500.0,100.0,9.138177915782096,0.04
2500.0,200.0,11.916788401013363,0.08
5000.0,1.0,2.7785797324265427,0.0002
5000.0,2.0,3.367476555350306,0.0004
5000.0,5.0,4.398362082220153,0.001
5000.0,10.0,5.455044698571295,0.002
5000.0,20.0,6.802684010695715,0.004
5000.0,50.0,8.872176860772047,0.01
5000.0,100.0,10.198606617322103,0.02
5000.0,200.0,12.13299292766444,0.04
