blocks,lag,G_mean,G_sd,G_sem,G_sd_over_abs_mean,eta_mean,eta_sd
4,1.0,0.6430294770290403,0.16004130675658257,0.08002065337829128,0.2488864235213821,2.7789653920876773,0.028549346391741965
4,2.0,0.4773557867879312,0.07678421738541424,0.03839210869270712,0.1608532241791513,3.36827331898971,0.025173703253769147
4,5.0,0.3832264652033286,0.17825825884149482,0.08912912942074741,0.4651512226508581,4.398963902111022,0.05140688531592748
4,10.0,0.19536049243666304,0.18528418126631885,0.09264209063315942,0.9484219606294707,5.448353300810566,0.13649078104799134
4,20.0,0.08490825128865265,0.0908353957541446,0.0454176978770723,1.069806460214828,6.787603451264504,0.31047291785930853
4,50.0,0.054524328276021536,0.3510504139902169,0.17552520699510846,6.438417951947521,8.79068068811938,1.0539215082335618
4,100.0,-0.11028889628574083,0.2323038653911985,0.11615193269559924,2.1063214268582073,10.264876595009328,1.3755824712130156
4,200.0,0.030685754722061462,0.3290789097574036,0.1645394548787018,10.724158904940115,12.51777419727171,1.8799880806351585
5,1.0,0.6440950324415942,0.2001264636774963,0.08949927537590485,0.31070952824906867,2.778428307204099,0.08718462707894925
5,2.0,0.4737481694939042,0.13337946489684266,0.05964911006237743,0.2815408554281683,3.3687939606475816,0.15054599254115658
5,5.0,0.38117081086440685,0.18100810219225133,0.08094928419602053,0.4748739857119883,4.40428697622834,0.3979371786952928
5,10.0,0.21089626108138707,0.2741924778327454,0.12262260387062458,1.300129629737398,5.468598237880912,0.7282243991410979
5,20.0,0.08574367543248854,0.24236918483007236,0.10839079458625052,2.8266712805063396,6.834354432348623,1.249326406352136
5,50.0,0.06017145116281499,0.21977071405351806,0.09828445121746694,3.65240840641937,9.018961078572719,2.465183853141795
5,100.0,-0.081225421870328,0.2527232825807706,0.1130212878694983,3.1113815941052256,10.35527625172359,2.9238228409756646
5,200.0,-0.004868717429243097,0.40666062987476914,0.1818641624345731,83.5252067479278,11.118145608538628,2.636678239251562
10,1.0,0.6393054555122736,0.2774356369454523,0.08773285168471888,0.4339641317828955,2.7776798483604126,0.10299955720052852
10,2.0,0.4671615032156494,0.2592851653484876,0.08199316859945867,0.5550225426618626,3.36844459930593,0.19837833433716998
10,5.0,0.3757250730646934,0.27841577615183244,0.08804279891633798,0.7410093073663307,4.411344508163324,0.511954863590991
10,10.0,0.2103776089505925,0.2800972516314058,0.08857452815085556,1.331402391293396,5.470415230281995,0.9411116679970153
10,20.0,0.10258108785106805,0.2624468456578,0.08299297970053196,2.5584330518977576,6.817083471983994,1.7599397040341542
10,50.0,0.054164387028390035,0.4115154333939582,0.13013260618362227,7.59752774785883,8.925572605062946,4.248490048312535
10,100.0,-0.06663893121701867,0.31219079693062435,0.09872339828438764,4.684810984046742,10.221280191347873,5.516494044533122
10,200.0,0.10388879284752303,0.445650919463472,0.1409271946852835,4.289691960494249,10.822796531718275,7.153491568138122
